row,col,latitude,longitude,raw_ppmm,sensitivity,corrected_minus_background_ppmm,sensor_uncertainty_ppmm,area_m2,excess_ch4_kg
154,224,21.65291859353997,39.402947695728976,1793.4642333984375,1.9765158891677856,940.1196608381307,453.58551025390625,3369.829956948757,1.9436429769702324
154,227,21.65291859353997,39.40457439328974,1936.549560546875,1.8512431383132935,1078.8135741534848,478.7590026855469,3369.829956948757,2.230384614012031
154,228,21.65291859353997,39.40511662581,1936.549560546875,1.8512431383132935,1078.8135741534848,478.7590026855469,3369.829956948757,2.230384614012031
155,219,21.652376361019712,39.400236533127696,2237.904296875,1.9108561277389526,1203.885650602054,472.847412109375,3369.8423243165016,2.488973026440334
155,220,21.652376361019712,39.40077876564795,2237.904296875,1.9108561277389526,1203.885650602054,472.847412109375,3369.8423243165016,2.488973026440334
156,223,21.651834128499456,39.402405463208716,2136.00341796875,1.950337290763855,1127.9298915936463,457.9771423339844,3369.8546914458275,2.331946873392011
156,224,21.651834128499456,39.402947695728976,2220.43896484375,1.7846063375473022,1276.9507556600613,493.2001647949219,3369.8546914458275,2.6400411446936247
156,225,21.651834128499456,39.40348992824923,2220.43896484375,1.7846063375473022,1276.9507556600613,493.2001647949219,3369.8546914458275,2.6400411446936247
157,207,21.6512918959792,39.39372974288462,1757.8123779296875,1.6846449375152588,1076.1649244721075,515.2259521484375,3369.8670583367348,2.224933180075488
158,221,21.650749663458942,39.40132099816821,2278.260986328125,1.8446000814437866,1267.8304793915809,477.37213134765625,3369.879424780607,2.6212046014772308
158,222,21.650749663458942,39.40186323068846,2408.855712890625,1.8251982927322388,1352.5104992572365,483.83636474609375,3369.879424780607,2.7962782105543353
158,224,21.650749663458942,39.402947695728976,2326.7158203125,1.3927290439605713,1703.3492433999472,596.8544921875,3369.879424780607,3.521627652354064
159,221,21.650207430938686,39.40132099816821,2278.260986328125,1.8446000814437866,1267.8304793915809,477.37213134765625,3369.8917911052704,2.6212142204169684
159,222,21.650207430938686,39.40186323068846,2606.046630859375,1.8084733486175537,1473.7531616042156,487.1728820800781,3369.8917911052704,3.0469552573268803
159,223,21.650207430938686,39.402405463208716,1705.4241943359375,1.4957125186920166,1172.9415039770595,564.0473022460938,3369.8917911052704,2.425033156970142
160,204,21.64966519841843,39.39210304532385,2256.006591796875,1.5260828733444214,1511.0318322223243,555.8224487304688,3369.9041569530964,3.1240396286956935
160,205,21.64966519841843,39.3926452778441,2256.006591796875,1.5260828733444214,1511.0318322223243,555.8224487304688,3369.9041569530964,3.1240396286956935
160,216,21.64966519841843,39.39860983556692,2091.9443359375,1.8402531147003174,1169.5028520125084,482.0585632324219,3369.9041569530964,2.4179326852342222
160,219,21.64966519841843,39.400236533127696,2218.087158203125,1.265015721321106,1786.1397515617343,639.7840576171875,3369.9041569530964,3.692821850126672
160,220,21.64966519841843,39.40077876564795,2218.087158203125,1.265015721321106,1786.1397515617343,639.7840576171875,3369.9041569530964,3.692821850126672
160,221,21.64966519841843,39.40132099816821,1702.3482666015625,1.6089335680007935,1090.792968926858,532.4520263671875,3369.9041569530964,2.2552009752291897
160,223,21.64966519841843,39.402405463208716,1718.8570556640625,1.6407649517059326,1080.3278958692072,524.8097534179688,3369.9041569530964,2.233564566086694
160,231,21.64966519841843,39.40674332337077,1858.729736328125,1.7115694284439087,1118.7127070538133,503.4178771972656,3369.9041569530964,2.312924688569585
161,216,21.649122965898172,39.39860983556692,2091.9443359375,1.8402531147003174,1169.5028520125084,482.0585632324219,3369.916522592306,2.417941557677421
161,217,21.649122965898172,39.39915206808718,1954.90234375,1.8782579898834229,1073.5390435014274,478.8521728515625,3369.916522592306,2.219536842175745
161,218,21.649122965898172,39.399694300607436,2082.06103515625,1.7050219774246216,1253.8673860469726,506.91973876953125,3369.916522592306,2.5923648286296843
161,223,21.649122965898172,39.402405463208716,1715.328125,1.5276931524276733,1155.5553808892082,564.522216796875,3369.916522592306,2.389105227782629
161,231,21.649122965898172,39.40674332337077,1858.729736328125,1.7115694284439087,1118.7127070538133,503.4178771972656,3369.916522592306,2.3129331756929234
162,207,21.648580733377916,39.39372974288462,2565.3359375,1.9054423570632935,1379.0533703103656,473.7095031738281,3369.9288879930973,2.8511967148496233
162,219,21.648580733377916,39.400236533127696,2117.251220703125,1.699544906616211,1278.5083502876053,510.8755187988281,3369.9288879930973,2.643319603669462
162,222,21.648580733377916,39.40186323068846,1701.7169189453125,1.5952575206756592,1099.4678887628004,545.3682861328125,3369.9288879930973,2.2731529468055607
162,223,21.648580733377916,39.402405463208716,2327.395751953125,1.43337082862854,1656.4549615421518,583.1859130859375,3369.9288879930973,3.424725283534477
162,224,21.648580733377916,39.402947695728976,2327.395751953125,1.43337082862854,1656.4549615421518,583.1859130859375,3369.9288879930973,3.424725283534477
163,218,21.64803850085766,39.399694300607436,1773.966552734375,1.8383923768997192,997.6883055305063,481.26556396484375,3369.9412530064583,2.0627309413112362
163,219,21.64803850085766,39.400236533127696,1654.83203125,1.4494283199310303,1174.4465634541607,576.7256469726562,3369.9412530064583,2.4281804767325426
163,220,21.64803850085766,39.40077876564795,1654.83203125,1.4494283199310303,1174.4465634541607,576.7256469726562,3369.9412530064583,2.4281804767325426
163,224,21.64803850085766,39.402947695728976,1763.976806640625,1.4955860376358032,1212.1882110261042,562.2924194335938,3369.9412530064583,2.5062117253611573
163,229,21.64803850085766,39.405658858330256,1939.6162109375,1.3655720949172974,1453.1019153048778,601.6943359375,3369.9412530064583,3.0043033129311754
164,220,21.647496268337402,39.40077876564795,1640.13720703125,1.3717124462127686,1228.4188418831743,611.533203125,3369.953617721796,2.53977804206728
164,221,21.647496268337402,39.40132099816821,1838.0767822265625,1.3151805400848389,1430.3181014755232,632.0349731445312,3369.953617721796,2.95720839134147
164,223,21.647496268337402,39.402405463208716,1731.4000244140625,1.6187784671783447,1102.3048984903069,528.0455932617188,3369.953617721796,2.279035196624844
164,224,21.647496268337402,39.402947695728976,1763.976806640625,1.4955860376358032,1212.1882110261042,562.2924194335938,3369.953617721796,2.5062209209501107
164,225,21.647496268337402,39.40348992824923,1686.7083740234375,1.5111876726150513,1148.880479852707,556.5946044921875,3369.953617721796,2.375331048501717
164,228,21.647496268337402,39.40511662581,2159.838623046875,1.5408889055252075,1434.4165038794397,545.8552856445312,3369.953617721796,2.965681911999184
165,218,21.64695403581715,39.399694300607436,1788.209716796875,1.7527406215667725,1052.9693220716886,499.2164306640625,3369.9659822285175,2.17704099297464
165,220,21.64695403581715,39.40077876564795,1640.13720703125,1.3717124462127686,1228.4188418831743,611.533203125,3369.9659822285175,2.5397873606236265
165,221,21.64695403581715,39.40132099816821,2177.842529296875,1.3164446353912354,1687.0695494019512,619.712158203125,3369.9659822285175,3.488059424011641
165,224,21.64695403581715,39.402947695728976,2046.157958984375,1.5989165306091309,1312.448266297389,531.4793090820312,3369.9659822285175,2.7135203438466213
165,225,21.64695403581715,39.40348992824923,2534.33642578125,1.6711682081222534,1549.2388462024633,522.6614379882812,3369.9659822285175,3.2030909214483945
165,226,21.64695403581715,39.40403216076949,2625.019775390625,1.6339490413665771,1639.2823122951793,532.8116455078125,3369.9659822285175,3.3892580895931266
165,227,21.64695403581715,39.40457439328974,2165.539794921875,1.5598499774932861,1421.0330048293567,540.5841064453125,3369.9659822285175,2.938022066774721
166,212,21.646411803296893,39.396440905485896,2033.8333740234375,1.7175613641738892,1216.8731107277924,512.8482666015625,3369.978346288204,2.515925496927374
166,213,21.646411803296893,39.396983138006156,2033.8333740234375,1.7175613641738892,1216.8731107277924,512.8482666015625,3369.978346288204,2.515925496927374
166,223,21.646411803296893,39.402405463208716,1738.8624267578125,1.6075851917266846,1114.3940964846402,529.0859985351562,3369.978346288204,2.304046737703147
166,224,21.646411803296893,39.402947695728976,1738.8624267578125,1.6075851917266846,1114.3940964846402,529.0859985351562,3369.978346288204,2.304046737703147
166,225,21.646411803296893,39.40348992824923,2534.33642578125,1.6711682081222534,1549.2388462024633,522.6614379882812,3369.978346288204,3.203102673260592
166,226,21.646411803296893,39.40403216076949,2007.3065185546875,1.5972344875335693,1289.4717375252287,530.4910888671875,3369.978346288204,2.666025564544402
166,227,21.646411803296893,39.40457439328974,2165.539794921875,1.5598499774932861,1421.0330048293567,540.5841064453125,3369.978346288204,2.9380328460764664
167,215,21.645869570776636,39.39806760304667,1707.7862548828125,1.6164225339889526,1089.2551364030453,531.0543212890625,3369.9907101988792,2.2520793668421777
167,221,21.645869570776636,39.40132099816821,2894.455078125,1.6588062047958374,1777.6354497767659,517.1219482421875,3369.9907101988792,3.675333706875578
167,222,21.645869570776636,39.40186323068846,1885.390625,1.7073606252670288,1137.0050134491105,505.08056640625,3369.9907101988792,2.3508041827928303
167,224,21.645869570776636,39.402947695728976,2205.08203125,1.641653299331665,1375.9410727249967,529.9058227539062,3369.9907101988792,2.8448142187397205
168,214,21.64532733825638,39.39752537052641,1976.935546875,1.482364535331726,1366.369524135261,567.583251953125,3370.003073722124,2.8250350163201148
169,216,21.644785105736123,39.39860983556692,1984.2467041015625,1.7383302450180054,1174.2000134586208,511.1047058105469,3370.0154369473457,2.427724173395929
169,225,21.644785105736123,39.40348992824923,2059.720458984375,1.6897507905960083,1251.6822092639457,500.32427978515625,3370.0154369473457,2.5879229449921906
170,210,21.644242873215866,39.39535644044538,1862.632568359375,1.6553781032562256,1157.9336397592645,517.7996826171875,3370.027799963951,2.3941013191844607
170,211,21.644242873215866,39.39589867296564,1862.632568359375,1.6553781032562256,1157.9336397592645,517.7996826171875,3370.027799963951,2.3941013191844607
170,212,21.644242873215866,39.396440905485896,1890.51953125,1.689133882522583,1151.9571668360754,513.4576416015625,3370.027799963951,2.381744581960338
171,211,21.64370064069561,39.39589867296564,2041.5914306640625,1.5503151416778564,1349.6209749240004,548.188720703125,3370.0401625335217,2.7904372915295133
171,212,21.64370064069561,39.396440905485896,2061.013916015625,1.5699900388717651,1345.4890054127345,542.7731323242188,3370.0401625335217,2.781894150880452
171,213,21.64370064069561,39.396983138006156,2061.013916015625,1.5699900388717651,1345.4890054127345,542.7731323242188,3370.0401625335217,2.781894150880452
172,210,21.643158408175353,39.39535644044538,2613.316162109375,1.32541823387146,2004.4246828621997,620.3270263671875,3370.0525249540806,4.144305701250336
172,211,21.643158408175353,39.39589867296564,2041.5914306640625,1.5503151416778564,1349.6209749240004,548.188720703125,3370.0525249540806,2.790447527775278
172,212,21.643158408175353,39.396440905485896,2551.46142578125,1.6321920156478882,1595.9445184575018,526.1505126953125,3370.0525249540806,3.2997408300111974
172,213,21.643158408175353,39.396983138006156,2950.26513671875,1.7155102491378784,1752.4925107439772,516.04150390625,3370.0525249540806,3.6234161182368996
172,214,21.643158408175353,39.39752537052641,2950.26513671875,1.7155102491378784,1752.4925107439772,516.04150390625,3370.0525249540806,3.6234161182368996
172,216,21.643158408175353,39.39860983556692,2267.37939453125,1.932848334312439,1205.8096845119692,461.5651550292969,3370.0525249540806,2.4931063725527736
172,218,21.643158408175353,39.399694300607436,2399.962158203125,1.831746220588684,1342.937468556135,479.3111877441406,3370.0525249540806,2.7766288526304805
172,219,21.643158408175353,39.400236533127696,2135.343505859375,1.7596176862716675,1246.2599216344988,502.9142761230469,3370.0525249540806,2.57674041964725
172,220,21.643158408175353,39.40077876564795,2135.343505859375,1.7596176862716675,1246.2599216344988,502.9142761230469,3370.0525249540806,2.57674041964725
173,216,21.642616175655096,39.39860983556692,2267.37939453125,1.932848334312439,1205.8096845119692,461.5651550292969,3370.0648870170116,2.4931155177923934
174,208,21.64207394313484,39.39427197540488,2143.591064453125,1.4835255146026611,1477.663324980675,569.6173706054688,3370.077248811722,3.0552075723003
174,209,21.64207394313484,39.39481420792513,2143.591064453125,1.4835255146026611,1477.663324980675,569.6173706054688,3370.077248811722,3.0552075723003
174,210,21.64207394313484,39.39535644044538,1960.24609375,1.4050953388214111,1427.831241570332,591.9013671875,3370.077248811722,2.952175064147083
174,211,21.64207394313484,39.39589867296564,1960.24609375,1.4050953388214111,1427.831241570332,591.9013671875,3370.077248811722,2.952175064147083
174,212,21.64207394313484,39.396440905485896,3062.13916015625,1.6757431030273438,1860.0650571998744,526.0267333984375,3370.077248811722,3.8458590340953123
174,213,21.64207394313484,39.396983138006156,2306.405517578125,1.7896804809570312,1321.4577020394663,489.79986572265625,3370.077248811722,2.7322377902275754
174,214,21.64207394313484,39.39752537052641,2950.195068359375,1.8092336654663086,1663.3653781513256,485.89154052734375,3370.077248811722,3.439163991497551
174,215,21.64207394313484,39.39806760304667,2323.0224609375,1.7793362140655518,1338.2886167435997,491.3802490234375,3370.077248811722,2.7670372856088936
174,216,21.64207394313484,39.39860983556692,2632.215576171875,1.8372620344161987,1465.4167717823075,478.9269714355469,3370.077248811722,3.0298866744789232
174,217,21.64207394313484,39.39915206808718,2632.215576171875,1.8372620344161987,1465.4167717823075,478.9269714355469,3370.077248811722,3.0298866744789232
174,223,21.64207394313484,39.402405463208716,2596.52978515625,1.6504480838775635,1605.9601394596625,507.15118408203125,3370.077248811722,3.320473274217437
174,224,21.64207394313484,39.402947695728976,2596.52978515625,1.6504480838775635,1605.9601394596625,507.15118408203125,3370.077248811722,3.320473274217437
175,210,21.641531710614583,39.39535644044538,2293.618896484375,1.5524401664733887,1510.1611693329946,557.9616088867188,3370.089610159397,3.122411367618276
175,211,21.641531710614583,39.39589867296564,2293.618896484375,1.5524401664733887,1510.1611693329946,557.9616088867188,3370.089610159397,3.122411367618276
175,212,21.641531710614583,39.396440905485896,1693.8551025390625,1.5005407333374023,1161.5627636255301,559.4718017578125,3370.089610159397,2.401648811396977
175,213,21.641531710614583,39.396983138006156,1693.8551025390625,1.5005407333374023,1161.5627636255301,559.4718017578125,3370.089610159397,2.401648811396977
175,214,21.641531710614583,39.39752537052641,3431.245361328125,1.664786458015442,2093.805323655631,517.1630859375,3370.089610159397,4.329154845803362
175,215,21.641531710614583,39.39806760304667,1949.9124755859375,1.8033689260482788,1113.9939521277634,485.0845947265625,3370.089610159397,2.303295469527963
175,216,21.641531710614583,39.39860983556692,1949.9124755859375,1.8033689260482788,1113.9939521277634,485.0845947265625,3370.089610159397,2.303295469527963
175,220,21.641531710614583,39.40077876564795,1760.6866455078125,1.8251615762710571,997.4073575692803,471.8601989746094,3370.089610159397,2.062240861878307
176,207,21.640989478094326,39.39372974288462,1880.3829345703125,1.65416419506073,1169.490084153189,522.2390747070312,3370.101971387863,2.418048219703145
176,211,21.640989478094326,39.39589867296564,2567.899169921875,1.4417383670806885,1813.8461129880718,578.6084594726562,3370.101971387863,3.7503245420863007
176,212,21.640989478094326,39.396440905485896,2567.899169921875,1.4417383670806885,1813.8461129880718,578.6084594726562,3370.101971387863,3.7503245420863007
176,213,21.640989478094326,39.396983138006156,2302.84814453125,1.5886775255203247,1482.2707713397886,534.7529296875,3370.101971387863,3.0647563825660424
177,209,21.64044724557407,39.39481420792513,1889.21923828125,1.618243932723999,1200.1831810638844,540.6747436523438,3370.114332318306,2.481518644748957
177,210,21.64044724557407,39.39535644044538,2406.5087890625,1.7047594785690308,1444.3742020398236,508.50445556640625,3370.114332318306,2.986412048516645
177,211,21.64044724557407,39.39589867296564,2990.57666015625,1.6486554145812988,1846.6818497406935,521.8405151367188,3370.114332318306,3.818230011346157
177,212,21.64044724557407,39.396440905485896,2092.228515625,1.40762197971344,1519.089769326858,587.6929321289062,3370.114332318306,3.1408951942572974
177,213,21.64044724557407,39.396983138006156,2145.9482421875,1.5013412237167358,1462.0870649120318,557.4166259765625,3370.114332318306,3.02303545747852
177,215,21.64044724557407,39.39806760304667,2714.7021484375,1.8623826503753662,1490.3830011496023,482.29766845703125,3370.114332318306,3.0815406044027718
177,219,21.64044724557407,39.400236533127696,2231.013427734375,1.6703941822052002,1368.3538871875276,503.5823974609375,3370.114332318306,2.829231185076752
177,220,21.64044724557407,39.40077876564795,1906.846435546875,1.8256168365478516,1077.227289763265,470.3353271484375,3370.114332318306,2.2272930052313735
178,206,21.639905013053816,39.39318751036436,1987.444091796875,1.6467517614364624,1239.6204442151197,523.6339111328125,3370.1266927719116,2.563069184375267
178,207,21.639905013053816,39.39372974288462,1987.444091796875,1.6467517614364624,1239.6204442151197,523.6339111328125,3370.1266927719116,2.563069184375267
178,210,21.639905013053816,39.39535644044538,2406.5087890625,1.7047594785690308,1444.3742020398236,508.50445556640625,3370.1266927719116,2.986423001678447
178,211,21.639905013053816,39.39589867296564,2441.789794921875,1.7820221185684204,1402.9683617164844,490.4722595214844,3370.1266927719116,2.900811285704282
178,212,21.639905013053816,39.396440905485896,2505.69970703125,1.5782619714736938,1620.3652739409133,538.4456176757812,3370.1266927719116,3.350306394550739
178,213,21.639905013053816,39.396983138006156,2870.096923828125,1.4316521883010864,2037.4775104868893,579.7490844726562,3370.1266927719116,4.2127377338416485
178,214,21.639905013053816,39.39752537052641,3187.285888671875,1.6983264684677124,1909.4545129511932,516.391845703125,3370.1266927719116,3.948034290617256
178,215,21.639905013053816,39.39806760304667,3187.285888671875,1.6983264684677124,1909.4545129511932,516.391845703125,3370.1266927719116,3.948034290617256
178,216,21.639905013053816,39.39860983556692,2046.4493408203125,1.8799264430999756,1121.3124343916918,469.07293701171875,3370.1266927719116,2.318452684495589
178,218,21.639905013053816,39.399694300607436,2273.63720703125,1.6649119853973389,1398.353020188457,504.57415771484375,3370.1266927719116,2.891268494036834
178,219,21.639905013053816,39.400236533127696,2273.63720703125,1.6649119853973389,1398.353020188457,504.57415771484375,3370.1266927719116,2.891268494036834
178,220,21.639905013053816,39.40077876564795,2639.763427734375,1.6368998289108276,1645.3932949874327,511.3068542480469,3370.1266927719116,3.402054935638125
178,221,21.639905013053816,39.40132099816821,2639.763427734375,1.6368998289108276,1645.3932949874327,511.3068542480469,3370.1266927719116,3.402054935638125
178,222,21.639905013053816,39.40186323068846,1890.8187255859375,1.5696280002593994,1237.3615242361147,525.5309448242188,3370.1266927719116,2.5583985868426304
179,207,21.63936278053356,39.39372974288462,1746.076171875,1.736496925354004,1038.2493792920436,511.90313720703125,3370.139053106308,2.1467173779626982
179,210,21.63936278053356,39.39535644044538,2757.5859375,1.8062083721160889,1559.4593214952997,485.251220703125,3370.139053106308,3.2243876013319688
179,211,21.63936278053356,39.39589867296564,2757.5859375,1.8062083721160889,1559.4593214952997,485.251220703125,3370.139053106308,3.2243876013319688
179,212,21.63936278053356,39.396440905485896,1881.6640625,1.789259672164917,1084.376883098041,488.1446838378906,3370.139053106308,2.2420920692434154
179,215,21.63936278053356,39.39806760304667,2949.358154296875,1.8789538145065308,1602.4139867668764,469.73699951171875,3370.139053106308,3.3132020309307046
179,216,21.63936278053356,39.39860983556692,1884.443359375,1.875759482383728,1037.362485043399,462.91827392578125,3370.139053106308,2.1448836072579383
179,222,21.63936278053356,39.40186323068846,2063.450439453125,1.740216851234436,1218.4762405601455,485.93890380859375,3370.139053106308,2.519360157988939
180,207,21.638820548013303,39.39372974288462,1746.076171875,1.736496925354004,1038.2493792920436,511.90313720703125,3370.1514130830765,2.146725251043453
180,209,21.638820548013303,39.39481420792513,1949.408203125,1.7630785703659058,1138.4172071392973,493.9935607910156,3370.1514130830765,2.353836191507967
180,210,21.638820548013303,39.39535644044538,1796.958740234375,1.8237303495407104,1018.0533716694821,480.7595520019531,3370.1514130830765,2.104967191372681
180,211,21.638820548013303,39.39589867296564,2493.63232421875,1.8597521781921387,1373.574149476845,474.1455383300781,3370.1514130830765,2.8400559342237344
180,212,21.638820548013303,39.396440905485896,1831.004638671875,1.8444215059280396,1025.4586635985017,485.0448913574219,3370.1514130830765,2.120278664215761
180,213,21.638820548013303,39.396983138006156,4475.826171875,1.7327247858047485,2615.8472590303822,510.1124267578125,3370.1514130830765,5.408628674223142
180,214,21.638820548013303,39.39752537052641,3014.4716796875,1.6437299251556396,1866.6544773042901,519.4833984375,3370.1514130830765,3.8595682129228375
180,215,21.638820548013303,39.39806760304667,1885.039794921875,1.6059354543685913,1206.5284500469418,520.9905395507812,3370.1514130830765,2.4946656761636627
180,216,21.638820548013303,39.39860983556692,1885.039794921875,1.6059354543685913,1206.5284500469418,520.9905395507812,3370.1514130830765,2.4946656761636627
180,217,21.638820548013303,39.39915206808718,2263.21875,1.8566728830337524,1251.6976840525012,464.4599609375,3370.1514130830765,2.588059360902626
180,221,21.638820548013303,39.40132099816821,2176.25341796875,1.7942782640457153,1245.6180849830098,474.8080139160156,3370.1514130830765,2.5754889427554972
180,222,21.638820548013303,39.40186323068846,2063.450439453125,1.740216851234436,1218.4762405601455,485.93890380859375,3370.1514130830765,2.5193693977361824
181,212,21.638278315493046,39.396440905485896,1831.004638671875,1.8444215059280396,1025.4586635985017,485.0448913574219,3370.1637727320194,2.1202864400978325
181,213,21.638278315493046,39.396983138006156,2484.881591796875,1.844738483428955,1379.7431799584037,475.8328552246094,3370.1637727320194,2.852821726638286
181,214,21.638278315493046,39.39752537052641,1841.678955078125,1.5000662803649902,1260.4646795855497,548.932861328125,3370.1637727320194,2.6061959035668
181,215,21.638278315493046,39.39806760304667,1841.678955078125,1.5000662803649902,1260.4646795855497,548.932861328125,3370.1637727320194,2.6061959035668
181,216,21.638278315493046,39.39860983556692,2060.012939453125,1.6868417263031006,1253.9577530491808,499.6981506347656,3370.1637727320194,2.592741877001398
181,217,21.638278315493046,39.39915206808718,1750.6064453125,1.7907224893569946,1010.3308034919667,477.2799987792969,3370.1637727320194,2.0890073668497453
181,221,21.638278315493046,39.40132099816821,1782.061767578125,1.811203956604004,1016.6430048293249,471.3039855957031,3370.1637727320194,2.1020587704585485
182,203,21.63773608297279,39.39156081280359,2370.0947265625,1.5874148607254028,1525.786089297676,539.2242431640625,3370.1761321127415,3.1547984668152687
182,204,21.63773608297279,39.39210304532385,2370.0947265625,1.5874148607254028,1525.786089297676,539.2242431640625,3370.1761321127415,3.1547984668152687
182,212,21.63773608297279,39.396440905485896,2086.520263671875,1.8583674430847168,1155.5035240011093,472.9481506347656,3370.1761321127415,2.3891820560484467
182,214,21.63773608297279,39.39752537052641,1885.43359375,1.7317134141921997,1121.500637677148,491.88348388671875,3370.1761321127415,2.318875835278335
182,215,21.63773608297279,39.39806760304667,2489.21044921875,1.6409549713134766,1549.660902221904,510.18450927734375,3370.1761321127415,3.2041633310889535
182,221,21.63773608297279,39.40132099816821,1707.6312255859375,1.7923575639724731,985.462068568834,477.32073974609375,3370.1761321127415,2.0375950762905517
183,204,21.637193850452533,39.39210304532385,2019.4913330078125,1.7750784158706665,1170.4242943882737,504.16302490234375,3370.188491165638,2.4200419287211163
183,208,21.637193850452533,39.39427197540488,1998.1058349609375,1.76167631149292,1166.940090177182,494.1730041503906,3370.188491165638,2.4128377718017013
183,209,21.637193850452533,39.39481420792513,1998.1058349609375,1.76167631149292,1166.940090177182,494.1730041503906,3370.188491165638,2.4128377718017013
183,214,21.637193850452533,39.39752537052641,1926.7554931640625,1.6986337900161743,1167.0301246610406,497.37396240234375,3370.188491165638,2.413023932689692
183,215,21.637193850452533,39.39806760304667,2489.21044921875,1.6409549713134766,1549.660902221904,510.18450927734375,3370.188491165638,3.2041750813425147
183,216,21.637193850452533,39.39860983556692,2548.41259765625,1.5325546264648438,1695.585658644441,536.9237060546875,3370.188491165638,3.505898166444339
183,221,21.637193850452533,39.40132099816821,1707.6312255859375,1.7923575639724731,985.462068568834,477.32073974609375,3370.188491165638,2.0376025485247444
184,208,21.636651617932277,39.39427197540488,1868.5556640625,1.767825722694397,1089.7125245965917,501.7256164550781,3370.2008499503136,2.2531655256020917
184,212,21.636651617932277,39.396440905485896,1909.411376953125,1.4323506355285645,1365.7943825678535,571.8923950195312,3370.2008499503136,2.824011607099874
184,217,21.636651617932277,39.39915206808718,1666.0289306640625,1.4538894891738892,1178.6446279178485,556.7028198242188,3370.2008499503136,2.4370477374697757
185,203,21.63610938541202,39.39156081280359,2103.564208984375,1.6359423398971558,1318.5754719159208,525.581298828125,3370.213208436966,2.726388495748219
185,204,21.63610938541202,39.39210304532385,2103.564208984375,1.6359423398971558,1318.5754719159208,525.581298828125,3370.213208436966,2.726388495748219
185,211,21.63610938541202,39.39589867296564,2271.510009765625,1.6848417520523071,1380.9367338312159,502.6817321777344,3370.213208436966,2.855331457821643
185,219,21.63610938541202,39.400236533127696,1757.9271240234375,1.62435781955719,1114.9619501682303,514.4055786132812,3370.213208436966,2.30538145057312
185,220,21.63610938541202,39.40077876564795,1752.4107666015625,1.6254973411560059,1110.8096328675185,519.1218872070312,3370.213208436966,2.29679579858696
186,215,21.635567152891763,39.39806760304667,1851.9285888671875,1.4728153944015503,1290.1400965189962,552.7182006835938,3370.2255666553974,2.6676030989441215
187,205,21.635024920371507,39.3926452778441,1715.2333984375,1.574028730392456,1122.44203840906,539.7984619140625,3370.2379244863987,2.3208648791449518
187,211,21.635024920371507,39.39589867296564,1927.577880859375,1.7876595258712769,1111.0019768575612,478.0182800292969,3370.2379244863987,2.2972103507492023
188,207,21.63448268785125,39.39372974288462,1911.835205078125,1.821637749671936,1082.2474444101433,480.8963928222656,3370.250282138586,2.237763027541849
189,211,21.633940455330993,39.39589867296564,1727.3809814453125,1.7865935564041138,999.5902364254059,477.4081115722656,3370.262639403343,2.066860297868895
189,218,21.633940455330993,39.399694300607436,2051.193115234375,1.6237471103668213,1295.9796200536605,516.4049072265625,3370.262639403343,2.6797068698019606
189,219,21.633940455330993,39.400236533127696,2574.88671875,1.484492540359497,1767.2561371562265,548.2219848632812,3370.262639403343,3.6541688913604458
190,211,21.63339822281074,39.39589867296564,2059.962158203125,1.7182509899139404,1231.6044688355137,491.06134033203125,3370.2749963998795,2.5466072194125258
190,212,21.63339822281074,39.396440905485896,1873.6116943359375,1.7838495969772339,1083.0522784513641,477.06768798828125,3370.2749963998795,2.239443604742057
190,214,21.63339822281074,39.39752537052641,2394.239013671875,1.72594153881073,1419.940439778624,491.65576171875,3370.2749963998795,2.936032359881749
190,215,21.63339822281074,39.39806760304667,2394.239013671875,1.72594153881073,1419.940439778624,491.65576171875,3370.2749963998795,2.936032359881749
190,219,21.63339822281074,39.400236533127696,1993.714599609375,1.6770457029342651,1221.5584015410034,499.2729187011719,3370.2749963998795,2.5258348138665365
190,220,21.63339822281074,39.40077876564795,2232.656494140625,1.385623812675476,1644.0335688769162,583.252685546875,3370.2749963998795,3.3993931180008152
191,211,21.632855990290484,39.39589867296564,1886.3297119140625,1.747294545173645,1112.304641680384,484.96502685546875,3370.28735306859,2.2999375917602394
191,212,21.632855990290484,39.396440905485896,1886.3297119140625,1.747294545173645,1112.304641680384,484.96502685546875,3370.28735306859,2.2999375917602394
191,219,21.632855990290484,39.400236533127696,1849.1416015625,1.5958677530288696,1191.4389973789766,522.979736328125,3370.28735306859,2.4635654978669344
191,220,21.632855990290484,39.40077876564795,1849.1416015625,1.5958677530288696,1191.4389973789766,522.979736328125,3370.28735306859,2.4635654978669344
192,213,21.632313757770227,39.396983138006156,1938.3223876953125,1.7220577001571655,1158.3180005874883,492.64935302734375,3370.2997094392776,2.3950892409196434
193,201,21.63177152524997,39.39047634776308,1717.3551025390625,1.6822670698165894,1053.590546773092,520.9428100585938,3370.312065601349,2.1785490971012553
193,209,21.63177152524997,39.39481420792513,2220.318359375,1.713527798652649,1328.491546325658,492.4110107421875,3370.312065601349,2.7469723106558233
193,210,21.63177152524997,39.39535644044538,1681.1390380859375,1.66973078250885,1039.5653514060325,500.9612121582031,3370.312065601349,2.1495486691862955
193,214,21.63177152524997,39.39752537052641,2531.359619140625,1.5859334468841553,1628.8652711334219,527.0355224609375,3370.312065601349,3.3680664434544783
193,215,21.63177152524997,39.39806760304667,2531.359619140625,1.5859334468841553,1628.8652711334219,527.0355224609375,3370.312065601349,3.3680664434544783
193,221,21.63177152524997,39.40132099816821,1884.6282958984375,1.6633225679397583,1165.7833561775778,504.5172119140625,3370.312065601349,2.4105344204111416
194,210,21.631229292729714,39.39535644044538,1681.1390380859375,1.66973078250885,1039.5653514060325,500.9612121582031,3370.3244213461876,2.149556549547033
194,216,21.631229292729714,39.39860983556692,1692.5330810546875,1.354889988899231,1281.9362856160853,590.9644165039062,3370.3244213461876,2.6507179516141592
195,210,21.630687060209457,39.39535644044538,2386.795654296875,1.631384015083313,1495.7825123625707,513.8402099609375,3370.33677688241,3.092908857442115
197,213,21.629602595168944,39.396983138006156,1839.7835693359375,1.7142585515975952,1105.9570464469666,491.9394226074219,3370.3614870011806,2.2868628262760775
197,217,21.629602595168944,39.39915206808718,1668.19677734375,1.609383225440979,1069.277115358881,517.489990234375,3370.3614870011806,2.2110172306942304
197,219,21.629602595168944,39.400236533127696,2033.019287109375,1.6704037189483643,1249.8155507047677,507.5289306640625,3370.3614870011806,2.584328868639794
198,203,21.629060362648687,39.39156081280359,1714.7923583984375,1.6961575746536255,1043.719428871743,497.52197265625,3370.3738415539265,2.158177770049491
199,208,21.62851813012843,39.39427197540488,1840.4981689453125,1.7152172327041626,1105.773815984851,499.4180908203125,3370.386195898056,2.286500710891569
199,209,21.62851813012843,39.39481420792513,1695.5626220703125,1.7119460105895996,1023.1629211203784,496.3651123046875,3370.386195898056,2.1156792760696823
199,210,21.62851813012843,39.39535644044538,1695.5626220703125,1.7119460105895996,1023.1629211203784,496.3651123046875,3370.386195898056,2.1156792760696823
200,204,21.627975897608174,39.39210304532385,1831.2921142578125,1.740520715713501,1084.8848225663132,486.2652282714844,3370.3985498845577,2.2433150203557553
200,207,21.627975897608174,39.39372974288462,1956.9366455078125,1.714645504951477,1174.0398006808532,499.5245056152344,3370.3985498845577,2.4276688774506736
201,205,21.627433665087917,39.3926452778441,2021.088623046875,1.6831125020980835,1233.5371957171944,501.8440856933594,3370.410903632641,2.550706401831502
201,209,21.627433665087917,39.39481420792513,2006.786376953125,1.5687068700790405,1311.9945059152615,525.8151245117188,3370.410903632641,2.7129403126430334
201,210,21.627433665087917,39.39535644044538,2006.786376953125,1.5687068700790405,1311.9945059152615,525.8151245117188,3370.410903632641,2.7129403126430334
202,207,21.62689143256766,39.39372974288462,1911.4781494140625,1.523360013961792,1287.5106426772863,543.5974731445312,3370.423257023096,2.662322374229472
202,209,21.62689143256766,39.39481420792513,2079.27783203125,1.7149686813354492,1245.1619992567632,495.9059143066406,3370.423257023096,2.5747535905941943
202,211,21.62689143256766,39.39589867296564,1749.4427490234375,1.7021902799606323,1060.4927635102106,509.6259765625,3370.423257023096,2.1928934165007554
203,207,21.626349200047407,39.39372974288462,1864.004638671875,1.7292617559432983,1110.6522691443997,488.1712646484375,3370.435610115528,2.2966219661728857
203,209,21.626349200047407,39.39481420792513,2079.27783203125,1.7149686813354492,1245.1619992567632,495.9059143066406,3370.435610115528,2.5747630274413407
203,210,21.626349200047407,39.39535644044538,1774.2430419921875,1.6944012641906738,1079.8538977264825,511.39141845703125,3370.435610115528,2.232936672147215
203,211,21.626349200047407,39.39589867296564,1749.4427490234375,1.7021902799606323,1060.4927635102106,509.6259765625,3370.435610115528,2.192901453774712
203,215,21.626349200047407,39.39806760304667,1927.8369140625,1.7751611471176147,1118.7396674928002,487.48455810546875,3370.435610115528,2.3133451991884137
204,205,21.62580696752715,39.3926452778441,1941.7919921875,1.619913101196289,1231.4342912410716,517.68359375,3370.447962909937,2.546386017466265
204,206,21.62580696752715,39.39318751036436,1941.7919921875,1.619913101196289,1231.4342912410716,517.68359375,3370.447962909937,2.546386017466265
204,207,21.62580696752715,39.39372974288462,1864.004638671875,1.7292617559432983,1110.6522691443997,488.1712646484375,3370.447962909937,2.2966303833931696
204,208,21.62580696752715,39.39427197540488,1902.7738037109375,1.7419134378433228,1125.0798935428454,490.126708984375,3370.447962909937,2.326464131969743
204,209,21.62580696752715,39.39481420792513,1855.5770263671875,1.745350956916809,1095.887059538039,488.97882080078125,3370.447962909937,2.2660985689439364
204,211,21.62580696752715,39.39589867296564,2101.05810546875,1.6899420022964478,1276.0052742387584,499.1329345703125,3370.447962909937,2.6385508440406924
205,202,21.625264735006894,39.39101858028334,2079.1767578125,1.5904598236083984,1340.0132356061367,528.6224365234375,3370.4603155255318,2.770918023186642
205,206,21.625264735006894,39.39318751036436,2287.07958984375,1.754530906677246,1336.2606321225198,482.9244079589844,3370.4603155255318,2.763158281453999
206,202,21.624722502486637,39.39101858028334,2079.1767578125,1.5904598236083984,1340.0132356061367,528.6224365234375,3370.4726676642895,2.7709281781093242
206,205,21.624722502486637,39.3926452778441,1887.99609375,1.7346357107162476,1121.14367396513,487.3814697265625,3370.4726676642895,2.3183417262992627
206,209,21.624722502486637,39.39481420792513,1676.547607421875,1.703389048576355,1016.9752899997294,495.5494689941406,3370.4726676642895,2.1029385476379145
206,212,21.624722502486637,39.396440905485896,2246.530517578125,1.5926886796951294,1443.2600422551177,529.1585693359375,3370.4726676642895,2.984425685627642
206,213,21.624722502486637,39.396983138006156,2246.530517578125,1.5926886796951294,1443.2600422551177,529.1585693359375,3370.4726676642895,2.984425685627642
206,214,21.624722502486637,39.39752537052641,1828.0108642578125,1.6804797649383545,1120.5240188753999,495.6858825683594,3370.4726676642895,2.3170603809339947
207,205,21.62418026996638,39.3926452778441,1902.94140625,1.7664097547531128,1110.0262662242826,484.7488708496094,3370.4850196540356,2.295361157553022
207,209,21.62418026996638,39.39481420792513,1676.547607421875,1.703389048576355,1016.9752899997294,495.5494689941406,3370.4850196540356,2.102946254413177
207,212,21.62418026996638,39.396440905485896,1758.19970703125,1.6367220878601074,1106.9530238520974,505.8526611328125,3370.4850196540356,2.2890061717445738
207,214,21.62418026996638,39.39752537052641,1724.81884765625,1.67970609664917,1059.59048570694,506.55963134765625,3370.4850196540356,2.191067831284122
208,205,21.623638037446124,39.3926452778441,1902.94140625,1.7664097547531128,1110.0262662242826,484.7488708496094,3370.497371226549,2.29536956919693
209,204,21.623095804925867,39.39210304532385,2034.5997314453125,1.637142300605774,1275.5080867498923,513.066162109375,3370.5097225904465,2.637571078824682
209,205,21.623095804925867,39.3926452778441,2072.7568359375,1.689270257949829,1259.746118397317,512.7968139648438,3370.5097225904465,2.6049775482120814
209,206,21.623095804925867,39.39318751036436,2072.7568359375,1.689270257949829,1259.746118397317,512.7968139648438,3370.5097225904465,2.6049775482120814
211,203,21.622011339885354,39.39156081280359,1673.390869140625,1.5503093004226685,1112.124580401887,546.2743530273438,3370.534424364567,2.299733853042146
211,206,21.622011339885354,39.39318751036436,1857.187255859375,1.6765094995498657,1140.5031545764948,505.95452880859375,3370.534424364567,2.3584171776269054
212,203,21.621469107365098,39.39156081280359,1673.390869140625,1.5503093004226685,1112.124580401887,546.2743530273438,3370.5467747449875,2.2997422797734517
212,207,21.621469107365098,39.39372974288462,2395.71630859375,1.7546206712722778,1398.1085915664491,491.47467041015625,3370.5467747449875,2.89112343742818
214,205,21.620384642324584,39.3926452778441,1720.5550537109375,1.5887082815170288,1115.7228785797527,528.7214965820312,3370.5714747309685,2.3072000428738937
215,200,21.619842409804328,39.38993411524282,1904.43212890625,1.4855486154556274,1314.7052279626885,564.2164306640625,3370.583824247122,2.718685016048422
215,201,21.619842409804328,39.39047634776308,1635.5491943359375,1.3703891038894653,1226.2255152193407,585.0955200195312,3370.583824247122,2.535717409209001
216,207,21.619300177284074,39.39372974288462,1759.5662841796875,1.7125600576400757,1060.1808880113713,499.577392578125,3370.5961734354496,2.192360989698057
217,195,21.618757944763818,39.387222952641544,2050.12548828125,1.3067800998687744,1601.5703546370673,605.237060546875,3370.6085225343704,3.311919005315593
217,196,21.618757944763818,39.3877651851618,2050.12548828125,1.3067800998687744,1601.5703546370673,605.237060546875,3370.6085225343704,3.311919005315593
217,207,21.618757944763818,39.39372974288462,2361.475341796875,1.721240520477295,1404.6942357970527,486.2718200683594,3370.6085225343704,2.904794986198259
217,208,21.618757944763818,39.39427197540488,2361.475341796875,1.721240520477295,1404.6942357970527,486.2718200683594,3370.6085225343704,2.904794986198259
218,205,21.61821571224356,39.3926452778441,1767.38232421875,1.498178482055664,1212.42038989947,551.33740234375,3370.620871067047,2.50719728361548
219,206,21.617673479723305,39.39318751036436,1803.456298828125,1.4661927223205566,1262.759729473667,550.3580322265625,3370.633219450712,2.6113049472561736
220,200,21.617131247203048,39.38993411524282,1667.561767578125,1.253892421722412,1362.641122528004,636.4033203125,3370.645567417145,2.817863491287542
220,201,21.617131247203048,39.39047634776308,1667.561767578125,1.253892421722412,1362.641122528004,636.4033203125,3370.645567417145,2.817863491287542
220,204,21.617131247203048,39.39210304532385,2138.88134765625,1.4613760709762573,1496.3407122912047,562.395751953125,3370.645567417145,3.094346555364527
221,192,21.61658901468279,39.38559625508077,1553.881591796875,1.317575216293335,1212.0823979168617,601.5947265625,3370.657915264368,2.5065258879660486
221,199,21.61658901468279,39.38939188272256,1876.365234375,1.2743133306503296,1505.184976494007,629.0014038085938,3370.657915264368,3.112647387870554
226,190,21.613877852081508,39.38451179004026,1837.2818603515625,1.6935447454452515,1117.6064857486751,511.30859375,3370.7196494936943,2.3111967473587103
226,201,21.613877852081508,39.39047634776308,1766.4521484375,1.6725623607635498,1088.8682578794462,486.455078125,3370.7196494936943,2.251766438369655
226,205,21.613877852081508,39.3926452778441,1690.4248046875,1.6939157247543335,1030.6721010308415,495.30328369140625,3370.7196494936943,2.13141748716688
226,208,21.613877852081508,39.39427197540488,1915.0523681640625,1.7508023977279663,1126.54707017969,476.5231018066406,3370.7196494936943,2.329685768243915
226,209,21.613877852081508,39.39481420792513,1915.0523681640625,1.7508023977279663,1126.54707017969,476.5231018066406,3370.7196494936943,2.329685768243915
227,183,21.61333561956125,39.380716162398464,1885.4259033203125,1.6511855125427246,1174.5949056655352,514.5040893554688,3370.7319954633713,2.4290570100373325
227,184,21.61333561956125,39.38125839491872,1885.4259033203125,1.6511855125427246,1174.5949056655352,514.5040893554688,3370.7319954633713,2.4290570100373325
227,200,21.61333561956125,39.38993411524282,1843.6387939453125,1.6610922813415527,1142.6284265751112,489.1679382324219,3370.7319954633713,2.362950474289325
227,201,21.61333561956125,39.39047634776308,1632.7744140625,1.6889162063598633,999.4916461743046,498.0523681640625,3370.7319954633713,2.0669442527828976
227,206,21.61333561956125,39.39318751036436,1812.03125,1.7529051303863525,1066.4633183601034,487.3844299316406,3370.7319954633713,2.2054413712466134
227,207,21.61333561956125,39.39372974288462,1812.03125,1.7529051303863525,1066.4633183601034,487.3844299316406,3370.7319954633713,2.2054413712466134
228,198,21.612793387041,39.38884965020231,1753.4832763671875,1.6920088529586792,1069.0651706471278,494.0155029296875,3370.744341135025,2.2108300875114764
228,199,21.612793387041,39.38939188272256,1874.869873046875,1.6987106800079346,1136.4346637455594,481.5494384765625,3370.744341135025,2.350150408116675
228,201,21.612793387041,39.39047634776308,1632.7744140625,1.6889162063598633,999.4916461743046,498.0523681640625,3370.744341135025,2.066951823190484
228,202,21.612793387041,39.39101858028334,2187.90283203125,1.6877328157424927,1329.0891191507649,487.81280517578125,3370.744341135025,2.7485604192155715
228,206,21.612793387041,39.39318751036436,1801.8834228515625,1.7453175783157349,1065.143017544942,477.23077392578125,3370.744341135025,2.2027190627356057
229,196,21.61225115452074,39.3877651851618,2040.7652587890625,1.761457085609436,1191.2995092848128,478.9192199707031,3370.756686449051,2.4636201017475496
229,199,21.61225115452074,39.38939188272256,1874.869873046875,1.6987106800079346,1136.4346637455594,481.5494384765625,3370.756686449051,2.3501590155166614
229,204,21.61225115452074,39.39210304532385,2337.72998046875,1.6372880935668945,1460.5390915852108,514.0708618164062,3370.756686449051,3.0204104319472016
229,206,21.61225115452074,39.39318751036436,1801.8834228515625,1.7453175783157349,1065.143017544942,477.23077392578125,3370.756686449051,2.2027271301699134
230,191,21.611708922000485,39.38505402256052,3512.844482421875,1.6500513553619385,2161.66335340506,516.758056640625,3370.7690315544605,4.470359261798286
230,192,21.611708922000485,39.38559625508077,3512.844482421875,1.6500513553619385,2161.66335340506,516.758056640625,3370.7690315544605,4.470359261798286
230,196,21.611708922000485,39.3877651851618,1654.7886962890625,1.7240278720855713,992.571673579364,486.76336669921875,3370.7690315544605,2.0526563338341823
230,198,21.611708922000485,39.38884965020231,1795.705078125,1.7159113883972168,1079.2351796963756,492.1034851074219,3370.7690315544605,2.231878045956856
230,199,21.611708922000485,39.38939188272256,1795.705078125,1.7159113883972168,1079.2351796963756,492.1034851074219,3370.7690315544605,2.231878045956856
230,200,21.611708922000485,39.38993411524282,1982.5008544921875,1.66004478931427,1226.978359842818,494.0232849121094,3370.7690315544605,2.537413638580386
230,201,21.611708922000485,39.39047634776308,1982.5008544921875,1.66004478931427,1226.978359842818,494.0232849121094,3370.7690315544605,2.537413638580386
230,202,21.611708922000485,39.39101858028334,2498.196533203125,1.6403465270996094,1555.7017294803236,508.0644226074219,3370.7690315544605,3.2172195656752707
230,203,21.611708922000485,39.39156081280359,1726.438232421875,1.5934169292449951,1116.2147527862305,523.6993408203125,3370.7690315544605,2.308352477925728
230,204,21.611708922000485,39.39210304532385,2337.72998046875,1.6372880935668945,1460.5390915852108,514.0708618164062,3370.7690315544605,3.0204214939396947
230,205,21.611708922000485,39.3926452778441,1649.231201171875,1.6174098253250122,1052.4072404834913,506.5386657714844,3370.7690315544605,2.176397378096912
230,207,21.611708922000485,39.39372974288462,1938.4874267578125,1.703144907951355,1170.914107330954,502.41241455078125,3370.7690315544605,2.421471741301413
231,199,21.61116668948023,39.38939188272256,2063.21044921875,1.6477622985839844,1284.8616497272585,496.6968078613281,3370.7813763022423,2.657127069485762
231,202,21.61116668948023,39.39101858028334,2082.1806640625,1.5607240200042725,1366.8449722026635,528.1450805664062,3370.7813763022423,2.8266706973479687
231,203,21.61116668948023,39.39156081280359,2189.103515625,1.595621109008789,1404.677403449708,523.5414428710938,3370.7813763022423,2.9049091420803803
231,206,21.61116668948023,39.39318751036436,2576.881591796875,1.6347546577453613,1609.0438628546365,518.776611328125,3370.7813763022423,3.327544257304707
232,192,21.61062445695997,39.38559625508077,2119.486572265625,1.633577823638916,1330.1835866525983,507.5384521484375,3370.793720841408,2.75086407958524
232,196,21.61062445695997,39.3877651851618,1738.728271484375,1.667840600013733,1075.2356249089105,488.2448425292969,3370.793720841408,2.2236231805383126
232,197,21.61062445695997,39.38830741768205,1709.97998046875,1.6624809503555298,1061.304131766235,504.39031982421875,3370.793720841408,2.1948123874675494
232,198,21.61062445695997,39.38884965020231,2173.989013671875,1.6706653833389282,1334.004318120795,502.7319030761719,3370.793720841408,2.7587654798574035
232,199,21.61062445695997,39.38939188272256,1705.1912841796875,1.5883467197418213,1106.296598040764,510.4645690917969,3370.793720841408,2.287858310277358
232,201,21.61062445695997,39.39047634776308,2013.2601318359375,1.6561222076416016,1248.3800428233487,509.2339172363281,3370.793720841408,2.5816916190612402
232,202,21.61062445695997,39.39101858028334,2013.2601318359375,1.6561222076416016,1248.3800428233487,509.2339172363281,3370.793720841408,2.5816916190612402
232,205,21.61062445695997,39.3926452778441,2044.641357421875,1.5972622632980347,1312.8241529951024,528.0682373046875,3370.793720841408,2.714964191051418
232,206,21.61062445695997,39.39318751036436,1754.3319091796875,1.6047097444534302,1125.9723535830794,529.45556640625,3370.793720841408,2.3285484298241355
232,211,21.61062445695997,39.39589867296564,1824.29443359375,1.642551302909851,1143.3798110635064,503.5074768066406,3370.793720841408,2.3645476332275677
233,186,21.610082224439715,39.38234285995923,1900.04052734375,1.713568091392517,1141.5541008258301,494.127685546875,3370.8060649335384,2.360780648804248
233,195,21.610082224439715,39.387222952641544,1803.660400390625,1.7034814357757568,1091.541328060737,480.36279296875,3370.8060649335384,2.257352185754217
233,197,21.610082224439715,39.38830741768205,1709.97998046875,1.6624809503555298,1061.304131766235,504.39031982421875,3370.8060649335384,2.1948204250303798
233,199,21.610082224439715,39.38939188272256,2956.771484375,1.5844595432281494,1898.8402366114778,522.1618041992188,3370.8060649335384,3.9268794028424248
233,200,21.610082224439715,39.38993411524282,2956.771484375,1.5844595432281494,1898.8402366114778,522.1618041992188,3370.8060649335384,3.9268794028424248
233,201,21.610082224439715,39.39047634776308,2443.750244140625,1.582900881767273,1576.5758316730648,527.5735473632812,3370.8060649335384,3.260423410588845
233,202,21.610082224439715,39.39101858028334,1925.903564453125,1.606268286705017,1231.7254191775287,508.9434814453125,3370.8060649335384,2.547258629381654
233,203,21.610082224439715,39.39156081280359,1871.9249267578125,1.5703983306884766,1224.7394012497675,518.0357666015625,3370.8060649335384,2.5328112580970807
233,204,21.610082224439715,39.39210304532385,1888.8583984375,1.5810868740081787,1227.3911588827266,531.8768310546875,3370.8060649335384,2.5382952015218208
233,205,21.610082224439715,39.3926452778441,2271.73779296875,1.5875256061553955,1463.725810066501,534.2418823242188,3370.8060649335384,3.02704494255725
233,206,21.610082224439715,39.39318751036436,2388.23388671875,1.5250693559646606,1598.7167470094116,547.635498046875,3370.8060649335384,3.30621173059492
233,207,21.610082224439715,39.39372974288462,2388.23388671875,1.5250693559646606,1598.7167470094116,547.635498046875,3370.8060649335384,3.30621173059492
233,208,21.610082224439715,39.39427197540488,1609.876220703125,1.5060690641403198,1101.6588531322434,537.9053344726562,3370.8060649335384,2.2782756421066797
233,209,21.610082224439715,39.39481420792513,1609.876220703125,1.5060690641403198,1101.6588531322434,537.9053344726562,3370.8060649335384,2.2782756421066797
233,210,21.610082224439715,39.39535644044538,2110.010009765625,1.5598400831222534,1385.4421456116797,523.82275390625,3370.8060649335384,2.8651511172635296
233,211,21.610082224439715,39.39589867296564,1951.760009765625,1.5431132316589355,1297.5526559855045,535.4630126953125,3370.8060649335384,2.68339205197468
234,192,21.60953999191946,39.38559625508077,1767.232666015625,1.6461597681045532,1106.2816512919421,504.8490905761719,3370.8184088766575,2.287844156181663
234,194,21.60953999191946,39.386680720121284,2119.13916015625,1.6594769954681396,1309.7251476731471,490.1431579589844,3370.8184088766575,2.7085751822864026
234,195,21.60953999191946,39.387222952641544,1696.547607421875,1.6481053829193115,1062.1256333651427,508.13519287109375,3370.8184088766575,2.196527367680195
234,196,21.60953999191946,39.3877651851618,1696.547607421875,1.6481053829193115,1062.1256333651427,508.13519287109375,3370.8184088766575,2.196527367680195
234,198,21.60953999191946,39.38884965020231,1693.5433349609375,1.6037449836730957,1088.725870921773,517.3053588867188,3370.8184088766575,2.2515379501805106
234,199,21.60953999191946,39.38939188272256,1693.5433349609375,1.6037449836730957,1088.725870921773,517.3053588867188,3370.8184088766575,2.2515379501805106
234,202,21.60953999191946,39.39101858028334,1925.903564453125,1.606268286705017,1231.7254191775287,508.9434814453125,3370.8184088766575,2.5472679574815285
234,203,21.60953999191946,39.39156081280359,2299.259521484375,1.663672685623169,1414.7713501414266,511.9956970214844,3370.8184088766575,2.925815828161227
234,206,21.60953999191946,39.39318751036436,2605.26904296875,1.5750117301940918,1686.8597145955112,533.5992431640625,3370.8184088766575,3.4885077736114107
234,208,21.60953999191946,39.39427197540488,2443.355224609375,1.605398416519165,1554.694859420559,512.1408081054688,3370.8184088766575,3.2151844375409873
234,209,21.60953999191946,39.39481420792513,1666.6322021484375,1.5647845268249512,1097.8203073840782,521.9658203125,3370.8184088766575,2.2703456862482216
234,212,21.60953999191946,39.396440905485896,2276.908935546875,1.5425798892974854,1508.7725156282522,545.4776000976562,3370.8184088766575,3.1202148014083635
234,213,21.60953999191946,39.396983138006156,2276.908935546875,1.5425798892974854,1508.7725156282522,545.4776000976562,3370.8184088766575,3.1202148014083635
235,184,21.6089977593992,39.38125839491872,1666.2281494140625,1.69301438331604,1016.911337034033,498.8569641113281,3370.8307523727417,2.1030297090589873
235,191,21.6089977593992,39.38505402256052,2497.744140625,1.6822842359542847,1517.4666844825747,496.3096618652344,3370.8307523727417,3.1382062562916366
235,192,21.6089977593992,39.38559625508077,1767.232666015625,1.6461597681045532,1106.2816512919421,504.8490905761719,3370.8307523727417,2.287852533967695
235,194,21.6089977593992,39.386680720121284,1958.462890625,1.6277661323547363,1235.8928306977477,513.1232299804688,3370.8307523727417,2.5558957261220776
235,195,21.6089977593992,39.387222952641544,1958.462890625,1.6277661323547363,1235.8928306977477,513.1232299804688,3370.8307523727417,2.5558957261220776
235,201,21.6089977593992,39.39047634776308,1740.94482421875,1.605857253074646,1116.8547395716184,509.4079284667969,3370.8307523727417,2.3097182738398807
235,202,21.6089977593992,39.39101858028334,2515.190673828125,1.6664201021194458,1542.0706530004104,511.19818115234375,3370.8307523727417,3.189088643840462
235,203,21.6089977593992,39.39156081280359,2515.190673828125,1.6664201021194458,1542.0706530004104,511.19818115234375,3370.8307523727417,3.189088643840462
235,204,21.6089977593992,39.39210304532385,2597.8505859375,1.658290982246399,1599.3160340387576,516.6453247070312,3370.8307523727417,3.3074753041575526
235,205,21.6089977593992,39.3926452778441,2051.797607421875,1.6482936143875122,1277.534000422078,515.5410766601562,3370.8307523727417,2.642012001810037
235,206,21.6089977593992,39.39318751036436,2982.1884765625,1.6473088264465332,1843.0726045006809,516.0220336914062,3370.8307523727417,3.811577570295037
235,207,21.6089977593992,39.39372974288462,1942.0999755859375,1.5354907512664795,1297.5403010814023,529.9872436523438,3370.8307523727417,2.6833861542289092
235,208,21.6089977593992,39.39427197540488,2232.331298828125,1.5714226961135864,1453.3127334110654,520.4957885742188,3370.8307523727417,3.0055322854709283
235,211,21.6089977593992,39.39589867296564,1654.3829345703125,1.5132145881652832,1126.0233276090082,553.1342163085938,3370.8307523727417,2.328679428397358
235,212,21.6089977593992,39.396440905485896,1654.3829345703125,1.5132145881652832,1126.0233276090082,553.1342163085938,3370.8307523727417,2.328679428397358
235,213,21.6089977593992,39.396983138006156,1832.82568359375,1.4815418720245361,1269.83986667865,565.4642944335938,3370.8307523727417,2.62610010147161
236,194,21.608455526878945,39.386680720121284,1748.887451171875,1.668054223060608,1081.1925518207017,503.234375,3370.843095690012,2.2359750560536558
236,195,21.608455526878945,39.387222952641544,1637.8387451171875,1.5682936906814575,1077.0773666639836,516.4822998046875,3370.843095690012,2.2274645910620414
236,198,21.608455526878945,39.38884965020231,1741.4188232421875,1.5137498378753662,1183.1336262568275,545.6710815429688,3370.843095690012,2.44679569040102
236,199,21.608455526878945,39.38939188272256,1741.4188232421875,1.5137498378753662,1183.1336262568275,545.6710815429688,3370.843095690012,2.44679569040102
236,200,21.608455526878945,39.38993411524282,1629.2877197265625,1.5722368955612183,1069.0193638337244,517.7869262695312,3370.843095690012,2.2108001280117473
236,201,21.608455526878945,39.39047634776308,1914.29638671875,1.589547038078308,1237.0360347731444,530.0882568359375,3370.843095690012,2.558269304144232
236,202,21.608455526878945,39.39101858028334,1914.29638671875,1.589547038078308,1237.0360347731444,530.0882568359375,3370.843095690012,2.558269304144232
236,203,21.608455526878945,39.39156081280359,2173.71875,1.628219723701477,1367.7608540014076,523.6622314453125,3370.843095690012,2.828616555898139
236,205,21.608455526878945,39.3926452778441,2051.797607421875,1.6482936143875122,1277.534000422078,515.5410766601562,3370.843095690012,2.6420216763368125
236,206,21.608455526878945,39.39318751036436,1713.2535400390625,1.6196107864379883,1090.5510191885337,508.6805114746094,3370.843095690012,2.2553289625915123
236,207,21.608455526878945,39.39372974288462,2291.08056640625,1.5998709201812744,1464.7738429444478,513.5695190429688,3370.843095690012,3.029245595586362
236,208,21.608455526878945,39.39427197540488,2291.08056640625,1.5998709201812744,1464.7738429444478,513.5695190429688,3370.843095690012,3.029245595586362
236,209,21.608455526878945,39.39481420792513,1894.7928466796875,1.6166898012161255,1204.7529999410403,517.0450439453125,3370.843095690012,2.491505932072588
236,214,21.608455526878945,39.39752537052641,1804.3814697265625,1.414176344871521,1308.6569104642556,546.13134765625,3370.843095690012,2.7063858364569717
236,215,21.608455526878945,39.39806760304667,1804.3814697265625,1.414176344871521,1308.6569104642556,546.13134765625,3370.843095690012,2.7063858364569717
237,194,21.60791329435869,39.386680720121284,1899.803466796875,1.6208913326263428,1204.8062676098168,502.9067687988281,3370.8554386794567,2.4916252165350223
237,195,21.60791329435869,39.387222952641544,1637.8387451171875,1.5682936906814575,1077.0773666639836,516.4822998046875,3370.8554386794567,2.2274727473514786
237,196,21.60791329435869,39.3877651851618,1760.10546875,1.5022670030593872,1204.3658747684494,543.9954223632812,3370.8554386794567,2.490714452756453
237,197,21.60791329435869,39.38830741768205,1876.86328125,1.5512439012527466,1242.6415233795321,535.7891235351562,3370.8554386794567,2.569871221626693
237,198,21.60791329435869,39.38884965020231,1876.86328125,1.5512439012527466,1242.6415233795321,535.7891235351562,3370.8554386794567,2.569871221626693
237,199,21.60791329435869,39.38939188272256,1864.0859375,1.5664414167404175,1222.74614295888,519.2796630859375,3370.8554386794567,2.5287261571616835
237,200,21.60791329435869,39.38993411524282,1816.59130859375,1.5564630031585693,1199.8608028521046,539.1326904296875,3370.8554386794567,2.4813976429996965
237,201,21.60791329435869,39.39047634776308,1864.97021484375,1.5332860946655273,1249.0553541783895,548.4995727539062,3370.8554386794567,2.583135480771631
237,202,21.60791329435869,39.39101858028334,1864.97021484375,1.5332860946655273,1249.0553541783895,548.4995727539062,3370.8554386794567,2.583135480771631
237,203,21.60791329435869,39.39156081280359,2819.349609375,1.5970730781555176,1798.0558163345522,528.1682739257812,3370.8554386794567,3.7185075585675276
237,204,21.60791329435869,39.39210304532385,2819.349609375,1.5970730781555176,1798.0558163345522,528.1682739257812,3370.8554386794567,3.7185075585675276
237,205,21.60791329435869,39.3926452778441,2399.595458984375,1.6791083812713623,1461.8220434763978,495.2317199707031,3370.8554386794567,3.0231521561042634
237,208,21.60791329435869,39.39427197540488,2021.8311767578125,1.656814694404602,1253.045154398042,507.0783386230469,3370.8554386794567,2.5913866719411
237,209,21.60791329435869,39.39481420792513,2863.134033203125,1.6071550846099854,1814.2250259131204,529.5556030273438,3370.8554386794567,3.7519466362022458
237,212,21.60791329435869,39.396440905485896,2568.841064453125,1.5089478492736816,1735.1384238397422,521.48486328125,3370.8554386794567,3.588389907362321
237,213,21.60791329435869,39.396983138006156,2568.841064453125,1.5089478492736816,1735.1384238397422,521.48486328125,3370.8554386794567,3.588389907362321
237,214,21.60791329435869,39.39752537052641,1767.841796875,1.4276405572891235,1271.0291030404912,541.50341796875,3370.8554386794567,2.628578759279169
237,215,21.60791329435869,39.39806760304667,1836.691650390625,1.421278476715088,1325.0142963817455,554.0226440429688,3370.8554386794567,2.740223986121689
237,216,21.60791329435869,39.39860983556692,2381.56787109375,1.4010273218154907,1732.6054984549369,560.4827880859375,3370.8554386794567,3.583151637168971
237,217,21.60791329435869,39.39915206808718,2327.844482421875,1.386486291885376,1711.6853556659219,571.2853393554688,3370.8554386794567,3.5398872911010897
238,191,21.607371061838432,39.38505402256052,2026.42041015625,1.63041090965271,1275.6223425856983,511.8514404296875,3370.867781341076,2.63808756551231
238,192,21.607371061838432,39.38559625508077,2026.42041015625,1.63041090965271,1275.6223425856983,511.8514404296875,3370.867781341076,2.63808756551231
238,195,21.607371061838432,39.387222952641544,1863.3681640625,1.528969645500183,1251.4413681951237,536.0677490234375,3370.867781341076,2.588079404215573
238,196,21.607371061838432,39.3877651851618,1863.3681640625,1.528969645500183,1251.4413681951237,536.0677490234375,3370.867781341076,2.588079404215573
238,198,21.607371061838432,39.38884965020231,1924.4346923828125,1.5675740242004395,1260.3845167533564,518.9390258789062,3370.867781341076,2.60657454044859
238,199,21.607371061838432,39.38939188272256,2313.15771484375,1.627994179725647,1453.5965861454474,519.72265625,3370.867781341076,3.00615233142471
238,200,21.607371061838432,39.38993411524282,1816.59130859375,1.5564630031585693,1199.8608028521046,539.1326904296875,3370.867781341076,2.4814067288391835
238,201,21.607371061838432,39.39047634776308,3335.766845703125,1.5526325702667236,2181.1915897806102,544.104248046875,3370.867781341076,4.510876157387217
238,202,21.607371061838432,39.39101858028334,2666.088134765625,1.5972530841827393,1701.903713149081,528.3068237304688,3370.867781341076,3.519671044846245
238,203,21.607371061838432,39.39156081280359,2666.088134765625,1.5972530841827393,1701.903713149081,528.3068237304688,3370.867781341076,3.519671044846245
238,204,21.607371061838432,39.39210304532385,2344.19189453125,1.6368266344070435,1464.889453517926,504.93817138671875,3370.867781341076,3.0295068714008035
238,205,21.607371061838432,39.3926452778441,2579.051513671875,1.6995457410812378,1550.2275763432463,490.42132568359375,3370.867781341076,3.2059928368577117
238,212,21.607371061838432,39.396440905485896,2058.614990234375,1.5565950870513916,1355.2445149450039,510.0074462890625,3370.867781341076,2.802752494800384
238,213,21.607371061838432,39.396983138006156,2433.961181640625,1.6014366149902344,1552.5940382241356,496.36383056640625,3370.867781341076,3.210886866582511
239,194,21.606828829318175,39.386680720121284,1764.8994140625,1.5537440776824951,1168.6339350556466,529.5370483398438,3370.880123704672,2.416835953693794
239,195,21.606828829318175,39.387222952641544,1764.8994140625,1.5537440776824951,1168.6339350556466,529.5370483398438,3370.880123704672,2.416835953693794
239,197,21.606828829318175,39.38830741768205,2829.349365234375,1.569923996925354,1834.9535576382784,518.307861328125,3370.880123704672,3.7948425066463254
239,198,21.606828829318175,39.38884965020231,1734.0751953125,1.6206655502319336,1102.7101639796133,505.0643310546875,3370.880123704672,2.2804998989547625
239,199,21.606828829318175,39.38939188272256,1668.0697021484375,1.6582207679748535,1038.672418149763,512.0939331054688,3370.880123704672,2.1480643073871453
239,200,21.606828829318175,39.38993411524282,3075.241943359375,1.5450069904327393,2023.171813140054,546.18310546875,3370.880123704672,4.184094122051927
239,201,21.606828829318175,39.39047634776308,3075.241943359375,1.5450069904327393,2023.171813140054,546.18310546875,3370.880123704672,4.184094122051927
239,202,21.606828829318175,39.39101858028334,2289.3037109375,1.5302743911743164,1528.741599315571,546.3045654296875,3370.880123704672,3.1615697185426104
239,203,21.606828829318175,39.39156081280359,2205.160400390625,1.5687745809555054,1438.390870264926,521.854248046875,3370.880123704672,2.9747166040969413
239,204,21.606828829318175,39.39210304532385,1972.01220703125,1.5594223737716675,1297.3115879320499,524.4220581054688,3370.880123704672,2.682952458255004
239,205,21.606828829318175,39.3926452778441,1972.01220703125,1.5594223737716675,1297.3115879320499,524.4220581054688,3370.880123704672,2.682952458255004
239,206,21.606828829318175,39.39318751036436,2438.64404296875,1.6623022556304932,1499.76101304287,506.43902587890625,3370.880123704672,3.101635362058556
239,207,21.606828829318175,39.39372974288462,2438.64404296875,1.6623022556304932,1499.76101304287,506.43902587890625,3370.880123704672,3.101635362058556
239,209,21.606828829318175,39.39481420792513,2096.986572265625,1.5456366539001465,1389.4467554089497,548.9156494140625,3370.880123704672,2.8734959455508506
239,210,21.606828829318175,39.39535644044538,2096.986572265625,1.5456366539001465,1389.4467554089497,548.9156494140625,3370.880123704672,2.8734959455508506
239,211,21.606828829318175,39.39589867296564,1780.360595703125,1.5913667678833008,1151.4949137922492,500.5245056152344,3370.880123704672,2.3813909768212635
239,212,21.606828829318175,39.396440905485896,1822.2725830078125,1.6628484725952148,1128.6070650175022,481.439453125,3370.880123704672,2.3340569279269183
239,213,21.606828829318175,39.396983138006156,2433.961181640625,1.6014366149902344,1552.5940382241356,496.36383056640625,3370.880123704672,3.2108986231792525
239,214,21.606828829318175,39.39752537052641,2023.059326171875,1.597099781036377,1299.4411199551535,506.5511474609375,3370.880123704672,2.687356514481331
240,183,21.60628659679792,39.380716162398464,2311.025390625,1.4013413190841675,1681.8853528093177,582.9570922851562,3370.8924658298492,3.4782969685518497
240,190,21.60628659679792,39.38451179004026,1615.2657470703125,1.5779552459716797,1056.377800332832,524.19873046875,3370.8924658298492,2.1846885665575697
240,194,21.60628659679792,39.386680720121284,1641.5921630859375,1.5887726545333862,1065.9784386013303,524.2315063476562,3370.8924658298492,2.2045435887383036
240,195,21.60628659679792,39.387222952641544,1641.5921630859375,1.5887726545333862,1065.9784386013303,524.2315063476562,3370.8924658298492,2.2045435887383036
240,196,21.60628659679792,39.3877651851618,1947.9759521484375,1.5600240230560303,1281.416263665677,520.05517578125,3370.8924658298492,2.6500892572234007
240,197,21.60628659679792,39.38830741768205,1947.9759521484375,1.5600240230560303,1281.416263665677,520.05517578125,3370.8924658298492,2.6500892572234007
240,199,21.60628659679792,39.38939188272256,2276.615478515625,1.618847131729126,1439.0519586296698,526.1549072265625,3370.8924658298492,2.9760946885763566
240,200,21.60628659679792,39.38993411524282,2276.615478515625,1.618847131729126,1439.0519586296698,526.1549072265625,3370.8924658298492,2.9760946885763566
240,201,21.60628659679792,39.39047634776308,2075.209228515625,1.581605315208435,1344.8234084213611,531.9889526367188,3370.8924658298492,2.781221191406568
240,203,21.60628659679792,39.39156081280359,2205.160400390625,1.5687745809555054,1438.390870264926,521.854248046875,3370.8924658298492,2.974727495710807
240,204,21.60628659679792,39.39210304532385,1820.630126953125,1.5603810548782349,1199.518547417877,523.4935302734375,3370.8924658298492,2.480717083501677
240,205,21.60628659679792,39.3926452778441,2682.482666015625,1.6367509365081787,1671.640019638741,512.3502197265625,3370.8924658298492,3.4571086567269704
240,206,21.60628659679792,39.39318751036436,2682.482666015625,1.6367509365081787,1671.640019638741,512.3502197265625,3370.8924658298492,3.4571086567269704
240,207,21.60628659679792,39.39372974288462,1873.216796875,1.512913465499878,1270.8849352370892,555.1402587890625,3370.8924658298492,2.62830948032791
240,209,21.60628659679792,39.39481420792513,2807.872314453125,1.5712456703186035,1819.7687916620398,505.6738586425781,3370.8924658298492,3.7634528780042
240,210,21.60628659679792,39.39535644044538,2807.872314453125,1.5712456703186035,1819.7687916620398,505.6738586425781,3370.8924658298492,3.7634528780042
240,211,21.60628659679792,39.39589867296564,2085.083740234375,1.740971565246582,1230.3882120856917,464.83685302734375,3370.8924658298492,2.54455845108058
240,212,21.60628659679792,39.396440905485896,2085.083740234375,1.740971565246582,1230.3882120856917,464.83685302734375,3370.8924658298492,2.54455845108058
241,197,21.605744364277665,39.38830741768205,2270.262451171875,1.6405646800994873,1416.5628555266533,517.56396484375,3370.9048075973988,2.9295958359150323
241,198,21.605744364277665,39.38884965020231,2242.974609375,1.643929123878479,1397.1315678763835,519.9435424804688,3370.9048075973988,2.8894099598244627
241,199,21.605744364277665,39.38939188272256,2582.55224609375,1.6923794746398926,1558.7218315543344,504.7669372558594,3370.9048075973988,3.2235950344566344
241,200,21.605744364277665,39.38993411524282,2582.55224609375,1.6923794746398926,1558.7218315543344,504.7669372558594,3370.9048075973988,3.2235950344566344
241,203,21.605744364277665,39.39156081280359,1956.8065185546875,1.68009352684021,1197.4339042970525,494.3804626464844,3370.9048075973988,2.476414912423997
241,206,21.605744364277665,39.39318751036436,1710.1085205078125,1.6112420558929443,1094.0933639017708,527.2899169921875,3370.9048075973988,2.262696180747476
241,207,21.605744364277665,39.39372974288462,2504.917724609375,1.6292258501052856,1570.222512569667,525.6141967773438,3370.9048075973988,3.2473796106801713
241,209,21.605744364277665,39.39481420792513,1898.86962890625,1.5725836753845215,1240.2169606150655,504.6016540527344,3370.9048075973988,2.564894617470598
241,212,21.605744364277665,39.396440905485896,2855.071044921875,1.6346675157546997,1779.3089554881967,497.54522705078125,3370.9048075973988,3.6797916071762113
241,214,21.605744364277665,39.39752537052641,2482.10400390625,1.5763851404190063,1607.2872608559908,517.7650756835938,3370.9048075973988,3.324033274028194
241,215,21.605744364277665,39.39806760304667,2531.82568359375,1.5863116979599,1628.7784821933478,524.344482421875,3370.9048075973988,3.368479302168076
241,216,21.605744364277665,39.39860983556692,1702.5477294921875,1.6497911214828491,1064.7107091889377,494.037841796875,3370.9048075973988,2.2019298670191367
241,217,21.605744364277665,39.39915206808718,1702.5477294921875,1.6497911214828491,1064.7107091889377,494.037841796875,3370.9048075973988,2.2019298670191367
242,182,21.60520213175741,39.38017392987821,1594.6734619140625,1.4051673412322998,1167.5966975800002,567.4624633789062,3370.917149066925,2.4147173796600545
242,192,21.60520213175741,39.38559625508077,2625.316650390625,1.4304803609848022,1868.0022309778187,562.2940063476562,3370.917149066925,3.863232451526213
242,197,21.60520213175741,39.38830741768205,1728.72412109375,1.6417839527130127,1085.687654149018,520.7607421875,3370.917149066925,2.2453205398659173
242,198,21.60520213175741,39.38884965020231,2242.974609375,1.643929123878479,1397.1315678763835,519.9435424804688,3370.917149066925,2.889420538457501
242,199,21.60520213175741,39.38939188272256,2019.627685546875,1.6860426664352417,1230.5838355508909,506.24322509765625,3370.917149066925,2.544981654189603
242,200,21.60520213175741,39.38993411524282,1910.509765625,1.638852834701538,1198.49337720623,503.1767578125,3370.917149066925,2.4786150845969375
242,201,21.60520213175741,39.39047634776308,1910.509765625,1.638852834701538,1198.49337720623,503.1767578125,3370.917149066925,2.4786150845969375
242,202,21.60520213175741,39.39101858028334,1827.485595703125,1.6843639612197876,1117.7036886777641,493.1169738769531,3370.917149066925,2.311533192886086
242,203,21.60520213175741,39.39156081280359,1827.485595703125,1.6843639612197876,1117.7036886777641,493.1169738769531,3370.917149066925,2.311533192886086
242,204,21.60520213175741,39.39210304532385,1726.729736328125,1.6547685861587524,1076.22009738882,507.24737548828125,3370.917149066925,2.2257405993786317
242,205,21.60520213175741,39.3926452778441,1796.5958251953125,1.6720408201217651,1107.2257608003736,512.74560546875,3370.917149066925,2.28986369467596
242,206,21.60520213175741,39.39318751036436,2717.1279296875,1.661069393157959,1668.503229176057,515.29248046875,3370.917149066925,3.450646746313099
242,207,21.60520213175741,39.39372974288462,1946.5994873046875,1.6566144227981567,1207.7797658215204,518.6576538085938,3370.917149066925,2.497820349591345
242,208,21.60520213175741,39.39427197540488,1670.156005859375,1.658329963684082,1039.8642554086678,484.0967712402344,3370.917149066925,2.150552750985772
242,209,21.60520213175741,39.39481420792513,1670.156005859375,1.658329963684082,1039.8642554086678,484.0967712402344,3370.917149066925,2.150552750985772
242,211,21.60520213175741,39.39589867296564,2100.52880859375,1.6221309900283813,1327.6523100498862,499.63079833984375,3370.917149066925,2.745729851641363
242,214,21.60520213175741,39.39752537052641,2380.8857421875,1.608902931213379,1512.5523417149811,518.3683471679688,3370.917149066925,3.128123293560813
242,215,21.60520213175741,39.39806760304667,2380.8857421875,1.608902931213379,1512.5523417149811,518.3683471679688,3370.917149066925,3.128123293560813
242,217,21.60520213175741,39.39915206808718,1669.25830078125,1.6645585298538208,1035.5563930718731,492.5724182128906,3370.917149066925,2.141643621595974
242,218,21.60520213175741,39.399694300607436,1669.25830078125,1.6645585298538208,1035.5563930718731,492.5724182128906,3370.917149066925,2.141643621595974
243,186,21.604659899237152,39.38234285995923,1535.2235107421875,1.2982046604156494,1215.3072924769128,589.0103759765625,3370.929490208626,2.513397297797685
243,189,21.604659899237152,39.383969557520004,2024.667724609375,1.2050888538360596,1712.8312508486447,630.6856079101562,3370.929490208626,3.5423349009058915
243,190,21.604659899237152,39.38451179004026,2024.667724609375,1.2050888538360596,1712.8312508486447,630.6856079101562,3370.929490208626,3.5423349009058915
243,192,21.604659899237152,39.38559625508077,1674.065185546875,1.4037346839904785,1225.312443518373,575.572021484375,3370.929490208626,2.534089117675118
243,193,21.604659899237152,39.38613848760103,1871.6826171875,1.486077070236206,1292.2117942355728,551.0771484375,3370.929490208626,2.6724447815947636
243,195,21.604659899237152,39.387222952641544,1948.4747314453125,1.5211303234100342,1313.6716805346052,546.7716674804688,3370.929490208626,2.7168263306638094
243,198,21.604659899237152,39.38884965020231,1680.3109130859375,1.5984275341033936,1083.960416962515,528.9990234375,3370.929490208626,2.241756632070068
243,201,21.604659899237152,39.39047634776308,2029.599853515625,1.6444205045700073,1266.9670543615182,502.3505554199219,3370.929490208626,2.6202357136694516
243,202,21.604659899237152,39.39101858028334,2546.47412109375,1.6761512756347656,1551.971800059944,494.9994812011719,3370.929490208626,3.2096587856218872
243,206,21.604659899237152,39.39318751036436,1773.466796875,1.6792875528335571,1088.8158164152937,513.1513061523438,3370.929490208626,2.2517981647259533
243,207,21.604659899237152,39.39372974288462,1916.0657958984375,1.642167329788208,1199.5237978369673,488.0374755859375,3370.929490208626,2.480755189070606
243,209,21.604659899237152,39.39481420792513,2292.635498046875,1.6519285440444946,1420.586874745963,483.53387451171875,3370.929490208626,2.9379394284686153
243,210,21.604659899237152,39.39535644044538,2444.67138671875,1.652525782585144,1512.0874191962773,492.75433349609375,3370.929490208626,3.1271732317972547
243,211,21.604659899237152,39.39589867296564,2100.52880859375,1.6221309900283813,1327.6523100498862,499.63079833984375,3370.929490208626,2.7457399039326753
243,212,21.604659899237152,39.396440905485896,1821.80615234375,1.5616682767868042,1199.3098689257988,519.1639404296875,3370.929490208626,2.4803127591184615
244,192,21.604117666716895,39.38559625508077,1674.065185546875,1.4037346839904785,1225.312443518373,575.572021484375,3370.9418311417103,2.534098394945474
244,194,21.604117666716895,39.386680720121284,2514.407958984375,1.460869550704956,1753.905091083771,563.8617553710938,3370.9418311417103,3.6272936749421296
244,195,21.604117666716895,39.387222952641544,2514.407958984375,1.460869550704956,1753.905091083771,563.8617553710938,3370.9418311417103,3.6272936749421296
244,196,21.604117666716895,39.3877651851618,3201.6689453125,1.5054465532302856,2159.456713324207,556.0416259765625,3370.9418311417103,4.466024825044592
244,197,21.604117666716895,39.38830741768205,2766.30615234375,1.5489978790283203,1818.601222677545,541.044189453125,3370.9418311417103,3.7610933144530176
244,198,21.604117666716895,39.38884965020231,1819.601318359375,1.5242574214935303,1226.4954383639854,548.9513549804688,3370.9418311417103,2.536544975289413
244,200,21.604117666716895,39.38993411524282,1675.7274169921875,1.558190107345581,1108.1649036716744,523.1431274414062,3370.9418311417103,2.291822725366119
244,201,21.604117666716895,39.39047634776308,2029.599853515625,1.6444205045700073,1266.9670543615182,502.3505554199219,3370.9418311417103,2.6202453063214786
244,202,21.604117666716895,39.39101858028334,1739.3009033203125,1.6372287273406982,1095.0774406291523,510.940673828125,3370.9418311417103,2.26475622549876
244,203,21.604117666716895,39.39156081280359,1903.7615966796875,1.610706090927124,1214.6752188155417,527.04736328125,3370.9418311417103,2.5120992924400607
244,204,21.604117666716895,39.39210304532385,1936.7020263671875,1.6015732288360596,1241.9827090736756,531.2499389648438,3370.9418311417103,2.568574575621243
244,205,21.604117666716895,39.3926452778441,2205.771240234375,1.6301217079162598,1385.865813961669,524.8776245117188,3370.9418311417103,2.866142715963864
244,206,21.604117666716895,39.39318751036436,1934.6124267578125,1.6131482124328613,1232.0105034793203,494.3902282714844,3370.9418311417103,2.5479508152698345
244,207,21.604117666716895,39.39372974288462,1916.0657958984375,1.642167329788208,1199.5237978369673,488.0374755859375,3370.9418311417103,2.4807642710860787
244,208,21.604117666716895,39.39427197540488,1844.4586181640625,1.6180694103240967,1172.6461213936336,490.948486328125,3370.9418311417103,2.42517789628412
245,190,21.60357543419664,39.38451179004026,2108.573486328125,1.4016082286834717,1537.1287262789356,576.7498168945312,3370.9541717767715,3.178984852971514
245,192,21.60357543419664,39.38559625508077,1601.0433349609375,1.2613540887832642,1302.0381838027215,611.0419311523438,3370.9541717767715,2.692786618020876
245,194,21.60357543419664,39.386680720121284,1812.4400634765625,1.5183312892913818,1226.4382304186827,551.555908203125,3370.9541717767715,2.5364359477195
245,195,21.60357543419664,39.387222952641544,2525.656005859375,1.4315783977508545,1796.9786406337582,577.4237060546875,3370.9541717767715,3.716388733113446
245,196,21.60357543419664,39.3877651851618,2440.348388671875,1.533528208732605,1624.0622707720413,544.6585083007812,3370.9541717767715,3.3587748838479254
245,197,21.60357543419664,39.38830741768205,2766.30615234375,1.5489978790283203,1818.601222677545,541.044189453125,3370.9541717767715,3.761107083388333
245,202,21.60357543419664,39.39101858028334,1722.8148193359375,1.595565915107727,1112.4845401472433,529.7047119140625,3370.9541717767715,2.300764693178534
245,203,21.60357543419664,39.39156081280359,1970.3419189453125,1.6646811962127686,1216.3481303423264,513.8151245117188,3370.9541717767715,2.5155682905354766
245,204,21.60357543419664,39.39210304532385,1936.7020263671875,1.6015732288360596,1241.9827090736756,531.2499389648438,3370.9541717767715,2.568583978880941
245,206,21.60357543419664,39.39318751036436,1934.6124267578125,1.6131482124328613,1232.0105034793203,494.3902282714844,3370.9541717767715,2.547960143028289
245,210,21.60357543419664,39.39535644044538,2862.426513671875,1.6269879341125488,1792.0739190581387,504.2229919433594,3370.9541717767715,3.706245122282178
246,195,21.603033201676382,39.387222952641544,2167.852294921875,1.5179277658462524,1460.8986095727655,549.59228515625,3370.9665120244026,3.021341982204031
246,196,21.603033201676382,39.3877651851618,2167.852294921875,1.5179277658462524,1460.8986095727655,549.59228515625,3370.9665120244026,3.021341982204031
246,197,21.603033201676382,39.38830741768205,1870.429931640625,1.5014373064041138,1278.4925548017488,540.1638793945312,3370.9665120244026,2.6441008324920396
246,198,21.603033201676382,39.38884965020231,1870.429931640625,1.5014373064041138,1278.4925548017488,540.1638793945312,3370.9665120244026,2.6441008324920396
246,202,21.603033201676382,39.39101858028334,1722.8148193359375,1.595565915107727,1112.4845401472433,529.7047119140625,3370.9665120244026,2.3007731157214133
246,203,21.603033201676382,39.39156081280359,2330.000244140625,1.587125301361084,1500.7961563209806,535.0372314453125,3370.9665120244026,3.1038556708251623
246,204,21.603033201676382,39.39210304532385,1768.86181640625,1.6000961065292358,1138.2051925212031,531.7068481445312,3370.9665120244026,2.353967010436562
246,205,21.603033201676382,39.3926452778441,2057.699951171875,1.5995649099349976,1319.1452444399147,496.9894714355469,3370.9665120244026,2.7281762618808187
246,206,21.603033201676382,39.39318751036436,1662.7086181640625,1.5591397285461426,1099.1599046037306,505.32330322265625,3370.9665120244026,2.2732159118871538
246,208,21.603033201676382,39.39427197540488,1910.6329345703125,1.5915436744689941,1233.223379429861,506.9736633300781,3370.9665120244026,2.5504778670414527
246,210,21.603033201676382,39.39535644044538,1852.1268310546875,1.6497102975845337,1155.431189170399,498.32684326171875,3370.9665120244026,2.389592772909388
246,211,21.603033201676382,39.39589867296564,2276.155517578125,1.6557756662368774,1407.4092296627955,506.14813232421875,3370.9665120244026,2.9107184878252426
246,214,21.603033201676382,39.39752537052641,1796.5189208984375,1.6645761728286743,1111.9980299315025,491.8432922363281,3370.9665120244026,2.2997669447729594
246,216,21.603033201676382,39.39860983556692,1773.8912353515625,1.5765423774719238,1157.9112358557657,521.666259765625,3370.9665120244026,2.3947218551873948
246,222,21.603033201676382,39.40186323068846,1597.9002685546875,1.2759511470794678,1285.0538432854614,600.19677734375,3370.9665120244026,2.6576704917574347
247,186,21.602490969156126,39.38234285995923,2394.831787109375,1.38815176486969,1757.9274571808596,564.4225463867188,3370.978852033615,3.635652355463948
247,190,21.602490969156126,39.38451179004026,2099.380615234375,1.3735308647155762,1561.1883213408955,572.09326171875,3370.978852033615,3.228766906518532
247,191,21.602490969156126,39.38505402256052,1865.7220458984375,1.382479190826416,1382.2809728589673,570.7313232421875,3370.978852033615,2.8587602146831177
247,192,21.602490969156126,39.38559625508077,1777.337158203125,1.2315462827682495,1475.9082446741168,641.8951416015625,3370.978852033615,3.052395173804978
247,193,21.602490969156126,39.38613848760103,1858.4156494140625,1.475629210472107,1292.1385308924412,562.037353515625,3370.978852033615,2.6723323958762832
247,194,21.602490969156126,39.386680720121284,1912.801025390625,1.5037184953689575,1304.780241512669,551.913330078125,3370.978852033615,2.698477311473216
247,195,21.602490969156126,39.387222952641544,1912.801025390625,1.5037184953689575,1304.780241512669,551.913330078125,3370.978852033615,2.698477311473216
247,196,21.602490969156126,39.3877651851618,1966.4644775390625,1.5266997814178467,1320.7821889704153,532.945068359375,3370.978852033615,2.7315716907259664
247,197,21.602490969156126,39.38830741768205,1766.2156982421875,1.6263439655303955,1118.7367417230162,506.940185546875,3370.978852033615,2.3137120098869297
247,199,21.602490969156126,39.38939188272256,2253.47021484375,1.5410301685333252,1495.0471051945653,536.9169311523438,3370.978852033615,3.0919771503238795
247,200,21.602490969156126,39.38993411524282,2471.842041015625,1.6705634593963623,1512.3786602476557,503.71441650390625,3370.978852033615,3.1278213535048636
247,201,21.602490969156126,39.39047634776308,3502.260986328125,1.6637673377990723,2137.7514355024564,514.6716918945312,3370.978852033615,4.421184167829587
247,205,21.602490969156126,39.3926452778441,2047.0245361328125,1.608062505722046,1305.708685489251,492.1344299316406,3370.978852033615,2.7003974700762283
247,206,21.602490969156126,39.39318751036436,1640.766845703125,1.6057239770889282,1054.556678046709,493.0865478515625,3370.978852033615,2.1809782052435986
247,208,21.602490969156126,39.39427197540488,1696.632568359375,1.5109891891479492,1155.5951084142484,532.1077880859375,3370.978852033615,2.3899405295178995
247,213,21.602490969156126,39.396983138006156,2199.892822265625,1.661115288734436,1357.0798225348926,493.4460754394531,3370.978852033615,2.8066405318362184
247,217,21.602490969156126,39.39915206808718,1848.026611328125,1.5579558610916138,1218.9197167890525,522.7897338867188,3370.978852033615,2.5209051268659017
247,218,21.602490969156126,39.399694300607436,1848.026611328125,1.5579558610916138,1218.9197167890525,522.7897338867188,3370.978852033615,2.5209051268659017
247,222,21.602490969156126,39.40186323068846,1597.9002685546875,1.2759511470794678,1285.0538432854614,600.19677734375,3370.978852033615,2.657680220622505
248,190,21.60194873663587,39.38451179004026,2099.380615234375,1.3735308647155762,1561.1883213408955,572.09326171875,3370.9911917746067,3.228778725681184
248,194,21.60194873663587,39.386680720121284,1680.5169677734375,1.5198323726654053,1138.4581681143602,546.484619140625,3370.9911917746067,2.3545074370838686
248,195,21.60194873663587,39.387222952641544,2316.159912109375,1.5758283138275146,1502.537690967227,519.6224975585938,3370.9911917746067,3.1074801577828266
248,197,21.60194873663587,39.38830741768205,1950.8138427734375,1.5779114961624146,1269.0594879850635,519.159423828125,3370.9911917746067,2.624611150633448
248,199,21.60194873663587,39.38939188272256,2269.59521484375,1.6226903200149536,1431.3949138914672,524.5214233398438,3370.9911917746067,2.9603458998793335
248,200,21.60194873663587,39.38993411524282,2269.59521484375,1.6226903200149536,1431.3949138914672,524.5214233398438,3370.9911917746067,2.9603458998793335
248,201,21.60194873663587,39.39047634776308,3228.12939453125,1.632617473602295,2010.0053127880476,524.098388671875,3370.9911917746067,4.1570016273642745
248,202,21.60194873663587,39.39101858028334,3228.12939453125,1.632617473602295,2010.0053127880476,524.098388671875,3370.9911917746067,4.1570016273642745
248,205,21.60194873663587,39.3926452778441,2047.0245361328125,1.608062505722046,1305.708685489251,492.1344299316406,3370.9911917746067,2.700407355099783
248,206,21.60194873663587,39.39318751036436,1874.1673583984375,1.581024408340454,1218.146257387335,509.2879943847656,3370.9911917746067,2.5193147212645335
248,217,21.60194873663587,39.39915206808718,1687.7086181640625,1.5342919826507568,1132.7247712246851,528.9222412109375,3370.9911917746067,2.3426498862360825
249,181,21.601406504115612,39.37963169735795,1868.903076171875,1.4817842245101929,1293.9847968596293,532.966796875,3371.003531098366,2.676170337455806
249,187,21.601406504115612,39.38288509247949,1684.4190673828125,1.4351234436035156,1206.443189422269,565.3351440429688,3371.003531098366,2.4951201012508446
249,188,21.601406504115612,39.383427324999744,1765.5291748046875,1.314143419265747,1376.215830953104,591.9675903320312,3371.003531098366,2.846237447048861
249,193,21.601406504115612,39.38613848760103,1630.3035888671875,1.4441776275634766,1161.6132006313926,567.4097900390625,3371.003531098366,2.402404416706651
249,194,21.601406504115612,39.386680720121284,1756.3109130859375,1.57545006275177,1147.532440705203,518.2337036132812,3371.003531098366,2.3732831224420226
249,195,21.601406504115612,39.387222952641544,2316.159912109375,1.5758283138275146,1502.537690967227,519.6224975585938,3371.003531098366,3.107491532539259
249,196,21.601406504115612,39.3877651851618,2241.31689453125,1.6029778718948364,1430.9536918973574,512.7218627929688,3371.003531098366,2.9594442174454705
249,197,21.601406504115612,39.38830741768205,2262.96728515625,1.608483076095581,1439.6282624795238,518.4769897460938,3371.003531098366,2.9773846357088845
249,198,21.601406504115612,39.38884965020231,2262.96728515625,1.608483076095581,1439.6282624795238,518.4769897460938,3371.003531098366,2.9773846357088845
249,202,21.601406504115612,39.39101858028334,2040.0849609375,1.6386610269546509,1277.7036562429569,488.0416259765625,3371.003531098366,2.642498299203093
249,206,21.601406504115612,39.39318751036436,2101.876220703125,1.4329369068145752,1499.5639206427059,555.1727905273438,3371.003531098366,3.1013412934080082
249,207,21.601406504115612,39.39372974288462,2101.876220703125,1.4329369068145752,1499.5639206427059,555.1727905273438,3371.003531098366,3.1013412934080082
249,211,21.601406504115612,39.39589867296564,1724.3514404296875,1.7334917783737183,1027.4601693025938,476.94976806640625,3371.003531098366,2.1249541993677714
249,212,21.601406504115612,39.396440905485896,1911.8907470703125,1.6962313652038574,1159.8732693593715,492.7578125,3371.003531098366,2.3988059567628444
249,213,21.601406504115612,39.396983138006156,1911.8907470703125,1.6962313652038574,1159.8732693593715,492.7578125,3371.003531098366,2.3988059567628444
249,217,21.601406504115612,39.39915206808718,1897.8685302734375,1.5994735956192017,1219.2911715260384,511.66131591796875,3371.003531098366,2.521691811123879
250,187,21.600864271595356,39.38288509247949,1664.7135009765625,1.351385235786438,1264.5900617484472,578.8590087890625,3371.015870243311,2.6153868331132606
250,188,21.600864271595356,39.383427324999744,1664.7135009765625,1.351385235786438,1264.5900617484472,578.8590087890625,3371.015870243311,2.6153868331132606
250,192,21.600864271595356,39.38559625508077,1853.379638671875,1.4698047637939453,1293.7029086335729,560.2700805664062,3371.015870243311,2.6755971405646144
250,195,21.600864271595356,39.387222952641544,1854.5797119140625,1.5707199573516846,1213.452477813639,520.4877319335938,3371.015870243311,2.509625632115521
250,196,21.600864271595356,39.3877651851618,1854.5797119140625,1.5707199573516846,1213.452477813639,520.4877319335938,3371.015870243311,2.509625632115521
250,197,21.600864271595356,39.38830741768205,2215.826416015625,1.6403053998947144,1383.5950707099773,510.6280822753906,3371.015870243311,2.861509385335583
250,198,21.600864271595356,39.38884965020231,2382.837646484375,1.6352946758270264,1489.863396738197,521.618408203125,3371.015870243311,3.081290315992999
250,199,21.600864271595356,39.38939188272256,1690.3271484375,1.5426347255706787,1128.47333145119,545.6163940429688,3371.015870243311,2.333874337519499
250,201,21.600864271595356,39.39047634776308,1769.699462890625,1.6177434921264648,1126.6637779676187,493.41119384765625,3371.015870243311,2.330131873856449
250,202,21.600864271595356,39.39101858028334,2101.46728515625,1.6402792930603027,1313.8972670434928,485.8218688964844,3371.015870243311,2.7173625004911743
250,203,21.600864271595356,39.39156081280359,2101.46728515625,1.6402792930603027,1313.8972670434928,485.8218688964844,3371.015870243311,2.7173625004911743
250,204,21.600864271595356,39.39210304532385,1764.766357421875,1.3505120277404785,1339.4716784252885,573.99365234375,3371.015870243311,2.7702547228925516
250,205,21.600864271595356,39.3926452778441,1764.766357421875,1.3505120277404785,1339.4716784252885,573.99365234375,3371.015870243311,2.7702547228925516
250,208,21.600864271595356,39.39427197540488,1600.79150390625,1.3717846870422363,1199.6737473815226,583.903076171875,3371.015870243311,2.48112887950041
250,209,21.600864271595356,39.39481420792513,1577.093505859375,1.4102424383163452,1151.04670655011,555.4425048828125,3371.015870243311,2.3805599076488533
250,210,21.600864271595356,39.39535644044538,1985.3050537109375,1.7141474485397339,1190.9209875460435,480.677978515625,3371.015870243311,2.4630266869246875
250,211,21.600864271595356,39.39589867296564,1985.3050537109375,1.7141474485397339,1190.9209875460435,480.677978515625,3371.015870243311,2.4630266869246875
250,216,21.600864271595356,39.39860983556692,1925.885986328125,1.6274466514587402,1216.111833468592,505.17169189453125,3371.015870243311,2.5151256308699894
251,183,21.6003220390751,39.380716162398464,1708.7061767578125,1.489646315574646,1179.7879070084346,535.723388671875,3371.0282090604305,2.44001051828229
251,191,21.6003220390751,39.38505402256052,1706.89208984375,1.378807783126831,1270.6807795837003,587.944580078125,3371.0282090604305,2.627993090237026
251,192,21.6003220390751,39.38559625508077,1706.89208984375,1.378807783126831,1270.6807795837003,587.944580078125,3371.0282090604305,2.627993090237026
251,194,21.6003220390751,39.386680720121284,2106.81689453125,1.5437332391738892,1397.487465403171,527.1660766601562,3371.0282090604305,2.8902517939836936
251,195,21.6003220390751,39.387222952641544,2106.81689453125,1.5437332391738892,1397.487465403171,527.1660766601562,3371.0282090604305,2.8902517939836936
251,196,21.6003220390751,39.3877651851618,3412.069091796875,1.5846734046936035,2185.9016068834103,525.17626953125,3371.0282090604305,4.520831991107659
251,198,21.6003220390751,39.38884965020231,2382.837646484375,1.6352946758270264,1489.863396738197,521.618408203125,3371.0282090604305,3.0813015943373214
251,200,21.6003220390751,39.38993411524282,1823.5528564453125,1.5736945867538452,1191.5047258449704,504.3332824707031,3371.0282090604305,2.464242976533577
251,201,21.6003220390751,39.39047634776308,1823.5528564453125,1.5736945867538452,1191.5047258449704,504.3332824707031,3371.0282090604305,2.464242976533577
251,204,21.6003220390751,39.39210304532385,1903.0054931640625,1.2578604221343994,1545.6237853066027,607.1798095703125,3371.0282090604305,3.1966239618596433
251,211,21.6003220390751,39.39589867296564,1872.0916748046875,1.7570316791534424,1098.2184009392024,479.45733642578125,3371.0282090604305,2.271310320901309
251,212,21.6003220390751,39.396440905485896,1711.4930419921875,1.7218989133834839,1026.6897058459945,479.3280944824219,3371.0282090604305,2.123376300430639
251,215,21.6003220390751,39.39806760304667,2464.29296875,1.6397223472595215,1535.6050600016708,502.1396789550781,3371.0282090604305,3.1759034620320077
251,216,21.6003220390751,39.39860983556692,2464.29296875,1.6397223472595215,1535.6050600016708,502.1396789550781,3371.0282090604305,3.1759034620320077
251,219,21.6003220390751,39.400236533127696,2311.303955078125,1.364864706993103,1726.1637756332468,569.8753051757812,3371.0282090604305,3.570012663973577
251,221,21.6003220390751,39.40132099816821,1742.2197265625,1.4196640253067017,1259.9386187873024,580.7069702148438,3371.0282090604305,2.605776397578467
252,190,21.599779806554842,39.38451179004026,2036.9732666015625,1.3836638927459717,1504.8919692651318,586.962158203125,3371.0405475199223,3.1123947380356896
252,191,21.599779806554842,39.38505402256052,2036.9732666015625,1.3836638927459717,1504.8919692651318,586.962158203125,3371.0405475199223,3.1123947380356896
252,197,21.599779806554842,39.38830741768205,2210.40478515625,1.6115505695343018,1404.3342151272277,530.1419067382812,3371.0405475199223,2.904422716628511
252,198,21.599779806554842,39.38884965020231,2210.40478515625,1.6115505695343018,1404.3342151272277,530.1419067382812,3371.0405475199223,2.904422716628511
252,201,21.599779806554842,39.39047634776308,1814.315673828125,1.610007882118225,1159.6315874528818,493.45660400390625,3371.0405475199223,2.3983324547945997
252,202,21.599779806554842,39.39101858028334,2832.021728515625,1.6434396505355835,1755.9612673402307,495.11431884765625,3371.0405475199223,3.6316524509948716
252,205,21.599779806554842,39.3926452778441,2136.52001953125,1.6507633924484253,1326.9947712273192,506.5080871582031,3371.0405475199223,2.744470452178442
252,206,21.599779806554842,39.39318751036436,2136.52001953125,1.6507633924484253,1326.9947712273192,506.5080871582031,3371.0405475199223,2.744470452178442
252,207,21.599779806554842,39.39372974288462,2098.45751953125,1.4554622173309326,1474.5137863148368,543.1668701171875,3371.0405475199223,3.049567040967339
253,188,21.599237574034586,39.383427324999744,1579.69091796875,1.226080060005188,1321.1406003515672,649.564208984375,3371.0528857707977,2.7323729454398498
253,191,21.599237574034586,39.38505402256052,1638.303466796875,1.4684525728225708,1148.3995439603248,546.3010864257812,3371.0528857707977,2.3751112059062005
253,194,21.599237574034586,39.386680720121284,2259.760009765625,1.352524757385254,1703.5046012218013,592.2902221679688,3371.0528857707977,3.523175265049092
253,195,21.599237574034586,39.387222952641544,1998.4619140625,1.5495953559875488,1322.3999076375487,541.6640625,3371.0528857707977,2.734977435194608
253,196,21.599237574034586,39.3877651851618,1998.4619140625,1.5495953559875488,1322.3999076375487,541.6640625,3371.0528857707977,2.734977435194608
253,197,21.599237574034586,39.38830741768205,1881.591796875,1.6116760969161987,1200.2081116096556,530.049072265625,3371.0528857707977,2.4822612916346625
253,198,21.599237574034586,39.38884965020231,2139.531982421875,1.5614304542541504,1402.9713688580716,507.771728515625,3371.0528857707977,2.901614718731976
253,199,21.599237574034586,39.38939188272256,2146.365478515625,1.6010407209396362,1373.3393850397706,497.5650329589844,3371.0528857707977,2.840330075081413
253,201,21.599237574034586,39.39047634776308,1949.90087890625,1.6081955432891846,1245.2104387267807,503.297607421875,3371.0528857707977,2.575334762440075
253,202,21.599237574034586,39.39101858028334,1949.90087890625,1.6081955432891846,1245.2104387267807,503.297607421875,3371.0528857707977,2.575334762440075
253,203,21.599237574034586,39.39156081280359,2370.6875,1.5812397003173828,1531.9917366840602,514.1807861328125,3371.0528857707977,3.168453662569307
253,204,21.599237574034586,39.39210304532385,2370.6875,1.5812397003173828,1531.9917366840602,514.1807861328125,3371.0528857707977,3.168453662569307
253,205,21.599237574034586,39.3926452778441,2054.942626953125,1.6454342603683472,1281.6085153103334,508.25872802734375,3371.0528857707977,2.6506129877073032
253,206,21.599237574034586,39.39318751036436,2216.552490234375,1.5347578525543213,1476.9689255136598,521.3447875976562,3371.0528857707977,3.054655902827429
253,207,21.599237574034586,39.39372974288462,2216.552490234375,1.5347578525543213,1476.9689255136598,521.3447875976562,3371.0528857707977,3.054655902827429
254,199,21.598695341514333,39.38939188272256,1708.3515625,1.6280604600906372,1082.0499866599043,488.69183349609375,3371.0652236938477,2.237895746513639
254,200,21.598695341514333,39.38993411524282,1708.3515625,1.6280604600906372,1082.0499866599043,488.69183349609375,3371.0652236938477,2.237895746513639
254,201,21.598695341514333,39.39047634776308,2914.973876953125,1.5986015796661377,1856.1853528658978,506.0973205566406,3371.0652236938477,3.8389624852193864
254,202,21.598695341514333,39.39101858028334,3130.03466796875,1.6308525800704956,1951.9957461778238,503.3370666503906,3371.0652236938477,4.037117537488658
254,203,21.598695341514333,39.39156081280359,3130.03466796875,1.6308525800704956,1951.9957461778238,503.3370666503906,3371.0652236938477,4.037117537488658
254,204,21.598695341514333,39.39210304532385,1784.5008544921875,1.597401738166809,1149.8601112884087,519.8870849609375,3371.0652236938477,2.37814064402075
254,208,21.598695341514333,39.39427197540488,2117.593994140625,1.580423355102539,1372.6233039679887,518.6846923828125,3371.0652236938477,2.838859471730619
254,209,21.598695341514333,39.39481420792513,2117.593994140625,1.580423355102539,1372.6233039679887,518.6846923828125,3371.0652236938477,2.838859471730619
254,211,21.598695341514333,39.39589867296564,2061.908935546875,1.6965103149414062,1248.1154519529,488.88995361328125,3371.0652236938477,2.581352336323488
255,197,21.598153108994076,39.38830741768205,1553.0966796875,1.5518391132354736,1033.5433308733714,508.16656494140625,3371.0775612294674,2.1375821057899276
255,198,21.598153108994076,39.38884965020231,1867.8720703125,1.6268658638000488,1180.874371397815,488.8064270019531,3371.0775612294674,2.4422932741028567
255,199,21.598153108994076,39.38939188272256,1867.8720703125,1.6268658638000488,1180.874371397815,488.8064270019531,3371.0775612294674,2.4422932741028567
255,201,21.598153108994076,39.39047634776308,2013.1844482421875,1.5059841871261597,1369.5228574330429,535.1871948242188,3371.0775612294674,2.8324574945932603
255,206,21.598153108994076,39.39318751036436,2118.613525390625,1.4946991205215454,1450.1510176638933,533.9114990234375,3371.0775612294674,2.999213263203938
255,209,21.598153108994076,39.39481420792513,2100.429931640625,1.7107495069503784,1260.5164091526367,481.43768310546875,3371.0775612294674,2.607009536777102
255,211,21.598153108994076,39.39589867296564,2061.908935546875,1.6965103149414062,1248.1154519529,488.88995361328125,3371.0775612294674,2.5813617836418525
255,212,21.598153108994076,39.396440905485896,1745.0794677734375,1.7320170402526855,1040.2747022804404,480.669677734375,3371.0775612294674,2.151503978862262
255,215,21.598153108994076,39.39806760304667,1660.5550537109375,1.6084157228469849,1065.149535418794,501.4520568847656,3371.0775612294674,2.202950296218036
256,183,21.59761087647382,39.380716162398464,1578.0306396484375,1.4901633262634277,1091.6978470368445,536.9638061523438,3371.0898986160755,2.2578659776290446
256,184,21.59761087647382,39.38125839491872,1831.8377685546875,1.4515197277069092,1294.7466498131605,565.0558471679688,3371.0898986160755,2.6778145786373977
256,199,21.59761087647382,39.38939188272256,1712.381103515625,1.6018306016921997,1101.7480608679489,504.55194091796875,3371.0898986160755,2.2786519816856976
256,201,21.59761087647382,39.39047634776308,2013.1844482421875,1.5059841871261597,1369.5228574330429,535.1871948242188,3371.0898986160755,2.832467860751418
256,202,21.59761087647382,39.39101858028334,1657.14306640625,1.442577838897705,1181.4703248585324,562.0611572265625,3371.0898986160755,2.4435347722971046
256,203,21.59761087647382,39.39156081280359,2152.95361328125,1.6535922288894653,1334.718766628822,492.4936218261719,3371.0898986160755,2.7604855144250453
256,204,21.59761087647382,39.39210304532385,2152.95361328125,1.6535922288894653,1334.718766628822,492.4936218261719,3371.0898986160755,2.7604855144250453
256,207,21.59761087647382,39.39372974288462,1662.5491943359375,1.6860599517822266,1018.7887590463429,486.83477783203125,3371.0898986160755,2.1070743005358494
256,208,21.59761087647382,39.39427197540488,1662.5491943359375,1.6860599517822266,1018.7887590463429,486.83477783203125,3371.0898986160755,2.1070743005358494
256,209,21.59761087647382,39.39481420792513,2676.66259765625,1.6649829149246216,1640.3546192606423,496.4855651855469,3371.0898986160755,3.392606201549329
256,210,21.59761087647382,39.39535644044538,2676.66259765625,1.6649829149246216,1640.3546192606423,496.4855651855469,3371.0898986160755,3.392606201549329
256,211,21.59761087647382,39.39589867296564,3480.846435546875,1.694775104522705,2086.602187196943,489.7485046386719,3371.0898986160755,4.315542162243839
256,215,21.59761087647382,39.39806760304667,1666.962158203125,1.4752863645553589,1162.6574255676949,548.2466430664062,3371.0898986160755,2.404625649809928
257,199,21.597068643953563,39.38939188272256,1795.7552490234375,1.6266813278198242,1136.670908397168,498.8243408203125,3371.102235585451,2.3508885458346103
257,204,21.597068643953563,39.39210304532385,1994.7950439453125,1.6150646209716797,1267.8507483274882,503.1697082519531,3371.102235585451,2.6221976651745873
257,205,21.597068643953563,39.3926452778441,2331.8564453125,1.6363574266433716,1457.761750191673,507.10479736328125,3371.102235585451,3.0149759053074723
257,206,21.597068643953563,39.39318751036436,2331.8564453125,1.6363574266433716,1457.761750191673,507.10479736328125,3371.102235585451,3.0149759053074723
257,207,21.597068643953563,39.39372974288462,1870.966796875,1.670985221862793,1152.411800402901,490.6841735839844,3371.102235585451,2.3834442155927804
257,208,21.597068643953563,39.39427197540488,2828.828369140625,1.6815859079360962,1714.9713484477757,492.692138671875,3371.102235585451,3.5469426284390133
257,209,21.597068643953563,39.39481420792513,2828.828369140625,1.6815859079360962,1714.9713484477757,492.692138671875,3371.102235585451,3.5469426284390133
257,210,21.597068643953563,39.39535644044538,1995.95263671875,1.6987669467926025,1207.674960805862,488.21478271484375,3371.102235585451,2.4977407369853615
257,211,21.597068643953563,39.39589867296564,1995.95263671875,1.6987669467926025,1207.674960805862,488.21478271484375,3371.102235585451,2.4977407369853615
257,213,21.597068643953563,39.396983138006156,2145.9345703125,1.665250301361084,1321.3888258682177,488.8979797363281,3371.102235585451,2.732926331076652
258,192,21.596526411433306,39.38559625508077,1670.334716796875,1.432279348373413,1198.940318609493,578.2662353515625,3371.114572316408,2.4796846264507253
258,194,21.596526411433306,39.386680720121284,1854.84619140625,1.2756445407867432,1486.7792331471435,591.0145263671875,3371.114572316408,3.075001774597906
258,196,21.596526411433306,39.3877651851618,1753.819091796875,1.515791416168213,1189.764905084205,515.2898559570312,3371.114572316408,2.4607077587060724
258,199,21.596526411433306,39.38939188272256,1839.661865234375,1.4574073553085327,1295.0168762805915,548.1672973632812,3371.114572316408,2.6783930686654593
258,202,21.596526411433306,39.39101858028334,1633.4617919921875,1.4698721170425415,1144.0281345145695,537.8075561523438,3371.114572316408,2.366113586598687
258,203,21.596526411433306,39.39156081280359,1838.103515625,1.396745204925537,1348.7235272358253,561.9573364257812,3371.114572316408,2.789470788419102
258,204,21.596526411433306,39.39210304532385,1994.7950439453125,1.6150646209716797,1267.8507483274882,503.1697082519531,3371.114572316408,2.6222072612487644
258,208,21.596526411433306,39.39427197540488,1869.5345458984375,1.6678069829940796,1153.6867416033467,495.9593811035156,3371.114572316408,2.386089809884552
258,209,21.596526411433306,39.39481420792513,2127.4384765625,1.6853549480438232,1295.0418152895543,491.409423828125,3371.114572316408,2.6784446482780253
258,210,21.596526411433306,39.39535644044538,2123.4931640625,1.7233561277389526,1264.9177235042112,477.126953125,3371.114572316408,2.616141090605914
258,211,21.596526411433306,39.39589867296564,2123.4931640625,1.7233561277389526,1264.9177235042112,477.126953125,3371.114572316408,2.616141090605914
259,186,21.59598417891305,39.38234285995923,1802.0419921875,1.41187584400177,1309.0788927674996,563.678466796875,3371.1269087791443,2.7074864643458807
259,194,21.59598417891305,39.386680720121284,1854.84619140625,1.2756445407867432,1486.7792331471435,591.0145263671875,3371.1269087791443,3.0750130274473695
259,196,21.59598417891305,39.3877651851618,2287.47021484375,1.572950839996338,1486.9870634516876,511.6148986816406,3371.1269087791443,3.075442869941617
259,198,21.59598417891305,39.38884965020231,1829.6239013671875,1.268683910369873,1474.8761805477627,609.5403442382812,3371.1269087791443,3.05039468398826
259,205,21.59598417891305,39.3926452778441,2307.711669921875,1.6259161233901978,1452.0630443936736,500.98809814453125,3371.1269087791443,3.003211693193949
259,206,21.59598417891305,39.39318751036436,2307.711669921875,1.6259161233901978,1452.0630443936736,500.98809814453125,3371.1269087791443,3.003211693193949
259,207,21.59598417891305,39.39372974288462,2536.083251953125,1.642499566078186,1576.771876674989,501.9664001464844,3371.1269087791443,3.2611392155545214
259,208,21.59598417891305,39.39427197540488,2247.875,1.6556304693222046,1390.4483683200608,498.1807556152344,3371.1269087791443,2.8757778903910562
259,209,21.59598417891305,39.39481420792513,2127.4384765625,1.6853549480438232,1295.0418152895543,491.409423828125,3371.1269087791443,2.6784544499421
259,210,21.59598417891305,39.39535644044538,1992.20166015625,1.6934020519256592,1209.1822601196573,483.751953125,3371.1269087791443,2.500876471455404
260,186,21.595441946392793,39.38234285995923,2024.1783447265625,1.379981279373169,1499.5487595217303,574.343994140625,3371.139244824648,3.1014347938442435
260,201,21.595441946392793,39.39047634776308,1563.68505859375,1.4698644876480103,1096.5623609855122,539.8898315429688,3371.139244824648,2.2679600369014716
260,209,21.595441946392793,39.39481420792513,2916.380615234375,1.6764569282531738,1772.3425883484801,487.9009704589844,3371.139244824648,3.665639369985612
260,210,21.595441946392793,39.39535644044538,2916.380615234375,1.6764569282531738,1772.3425883484801,487.9009704589844,3371.139244824648,3.665639369985612
260,212,21.595441946392793,39.396440905485896,2172.6572265625,1.6542009115219116,1346.1509433377446,503.2152099609375,3371.139244824648,2.784170469232035
261,193,21.594899713872536,39.38613848760103,1818.526123046875,1.2335753440856934,1506.924326408525,604.4019165039062,3371.1515806615353,3.1167006807233117
261,194,21.594899713872536,39.386680720121284,1818.526123046875,1.2335753440856934,1506.924326408525,604.4019165039062,3371.1515806615353,3.1167006807233117
261,205,21.594899713872536,39.3926452778441,1998.9041748046875,1.2818660736083984,1592.1034862501576,608.2940673828125,3371.1515806615353,3.2928727291861395
261,206,21.594899713872536,39.39318751036436,1998.9041748046875,1.2818660736083984,1592.1034862501576,608.2940673828125,3371.1515806615353,3.2928727291861395
261,212,21.594899713872536,39.396440905485896,2172.6572265625,1.6542009115219116,1346.1509433377446,503.2152099609375,3371.1515806615353,2.7841806572041956
261,213,21.594899713872536,39.396983138006156,1709.508056640625,1.6856353282928467,1046.89541056457,508.26348876953125,3371.1515806615353,2.1652445192978784
262,176,21.59435748135228,39.37692053475667,1997.08837890625,1.4977221488952637,1366.1500956068098,547.633056640625,3371.1639162302017,2.8255543019504747
262,177,21.59435748135228,39.377462767276924,1800.23291015625,1.6116664409637451,1149.7338871879176,506.2807312011719,3371.1639162302017,2.377949203011328
262,206,21.59435748135228,39.39318751036436,1656.7354736328125,1.293109655380249,1313.935575502052,601.7482299804688,3371.1639162302017,2.7175610716453185
262,210,21.59435748135228,39.39535644044538,1711.5777587890625,1.7004945278167725,1039.250610858754,492.6126403808594,3371.1639162302017,2.1494410048789767
262,211,21.59435748135228,39.39589867296564,1711.5777587890625,1.7004945278167725,1039.250610858754,492.6126403808594,3371.1639162302017,2.1494410048789767
262,214,21.59435748135228,39.39752537052641,2523.30224609375,1.679994821548462,1534.7032115699158,498.2350769042969,3371.1639162302017,3.1741660565799474
263,187,21.593815248832023,39.38288509247949,2302.79345703125,1.486572265625,1581.7955310553696,560.25927734375,3371.176251411438,3.271577212335081
263,197,21.593815248832023,39.38830741768205,1799.967529296875,1.3714237213134766,1345.2139242945232,568.542724609375,3371.176251411438,2.782263025804286
263,215,21.593815248832023,39.39806760304667,2005.728271484375,1.6580753326416016,1242.4055428312565,489.9703063964844,3371.176251411438,2.5696277316535525
263,216,21.593815248832023,39.39860983556692,2005.728271484375,1.6580753326416016,1242.4055428312565,489.9703063964844,3371.176251411438,2.5696277316535525
264,180,21.593273016311766,39.3790894648377,1895.6324462890625,1.6150949001312256,1206.4302113814642,521.4539184570312,3371.1885863244534,2.4952302316542463
265,182,21.59273078379151,39.38017392987821,1815.8665771484375,1.601517915725708,1166.5738980525587,512.4074096679688,3371.20092099905,2.412805217291204
265,190,21.59273078379151,39.38451179004026,2204.05078125,1.4283336400985718,1575.8253567887798,537.3877563476562,3371.20092099905,3.2592531418257726
265,208,21.59273078379151,39.39427197540488,2434.72607421875,1.6071898937225342,1547.6292908255768,515.3223876953125,3371.20092099905,3.200935691746808
267,177,21.591646318751,39.377462767276924,1891.8310546875,1.628167748451233,1194.6716209222852,519.105224609375,3371.2255893349648,2.470937346639096
267,178,21.591646318751,39.378004999797184,1891.8310546875,1.628167748451233,1194.6716209222852,519.105224609375,3371.2255893349648,2.470937346639096
268,170,21.591104086230743,39.37366713963513,1643.3546142578125,1.5198220014572144,1114.0139333463012,542.5875244140625,3371.2379230856895,2.3041216139023875
268,182,21.591104086230743,39.38017392987821,2086.967529296875,1.6616005897521973,1288.731267202272,513.8911743164062,3371.2379230856895,2.6654905099373707
268,183,21.591104086230743,39.380716162398464,2086.967529296875,1.6616005897521973,1288.731267202272,513.8911743164062,3371.2379230856895,2.6654905099373707
268,192,21.591104086230743,39.38559625508077,1619.98095703125,1.2499088048934937,1328.8122817029757,610.925048828125,3371.2379230856895,2.7483903095303597
268,193,21.591104086230743,39.38613848760103,1619.98095703125,1.2499088048934937,1328.8122817029757,610.925048828125,3371.2379230856895,2.7483903095303597
268,203,21.591104086230743,39.39156081280359,1642.097412109375,1.6603925228118896,1021.7144136189378,489.4477844238281,3371.2379230856895,2.113217970787434
268,204,21.591104086230743,39.39210304532385,1642.097412109375,1.6603925228118896,1021.7144136189378,489.4477844238281,3371.2379230856895,2.113217970787434
269,171,21.590561853710486,39.374209372155384,1599.502197265625,1.5153626203536987,1088.2573437853164,531.9663696289062,3371.250256538391,2.250857341804271
269,198,21.590561853710486,39.38884965020231,1889.4468994140625,1.3931028842926025,1389.0196489513837,568.5309448242188,3371.250256538391,2.8729280740506393
269,200,21.590561853710486,39.38993411524282,2101.444580078125,1.294437289237976,1656.1755141661354,602.5753173828125,3371.250256538391,3.425490153285569
270,170,21.59001962119023,39.37366713963513,1698.6121826171875,1.5663639307022095,1117.1630519324883,518.0169067382812,3371.262589663267,2.310651860906673
270,171,21.59001962119023,39.374209372155384,1698.6121826171875,1.5663639307022095,1117.1630519324883,518.0169067382812,3371.262589663267,2.310651860906673
270,182,21.59001962119023,39.38017392987821,1666.177978515625,1.6307185888290405,1054.4775998368434,524.163818359375,3371.262589663267,2.180998220566506
270,212,21.59001962119023,39.396440905485896,1736.7176513671875,1.4852938652038574,1202.0084083620366,542.8558959960938,3371.262589663267,2.4861392979321804
271,189,21.589477388669973,39.383969557520004,1980.970458984375,1.3312413692474365,1520.7955335400802,598.6807861328125,3371.27492249012,3.1455049275506126
271,204,21.589477388669973,39.39210304532385,1803.6588134765625,1.615663766860962,1149.0907376430407,525.6917724609375,3371.27492249012,2.3766972599171527
272,183,21.588935156149716,39.380716162398464,2344.084716796875,1.621890664100647,1478.0120823176949,490.1458435058594,3371.287255048752,3.0570258738689677
272,203,21.588935156149716,39.39156081280359,2535.240478515625,1.6286793947219849,1589.3563724628075,522.6928100585938,3371.287255048752,3.2873232983307648
272,208,21.588935156149716,39.39427197540488,1596.7098388671875,1.2822166681289673,1278.0059918793306,599.1375732421875,3371.287255048752,2.6433460395047774
273,187,21.58839292362946,39.38288509247949,2000.2073974609375,1.6223574876785278,1265.6347164633578,513.6990966796875,3371.299587279558,2.617767658696604
273,196,21.58839292362946,39.3877651851618,2279.103515625,1.3449476957321167,1727.2996125079708,583.0552978515625,3371.299587279558,3.5726493621617177
274,187,21.587850691109203,39.38288509247949,2000.2073974609375,1.6223574876785278,1265.6347164633578,513.6990966796875,3371.311919271946,2.617777234318706
275,212,21.587308458588947,39.396440905485896,2134.191162109375,1.3985271453857422,1558.7606585243507,566.9877319335938,3371.3242508769035,3.224076456019766
276,180,21.58676622606869,39.3790894648377,1661.6689453125,1.6145687103271484,1061.9049818530705,491.9737854003906,3371.33658221364,2.1964086369359785
276,198,21.58676622606869,39.38884965020231,1559.874755859375,1.1733318567276,1362.1733446465394,655.0733642578125,3371.33658221364,2.8174736443600175
277,182,21.586223993548433,39.38017392987821,1765.2518310546875,1.4885584115982056,1218.6130814090386,538.7667846679688,3371.348913282156,2.520547631581796
277,183,21.586223993548433,39.380716162398464,1873.0853271484375,1.5472699403762817,1243.3073252345841,532.9671630859375,3371.348913282156,2.5716245638236632
277,198,21.586223993548433,39.38884965020231,1639.3831787109375,1.3340048789978027,1261.6513871060113,609.82666015625,3371.348913282156,2.6095669447229004
278,183,21.585681761028177,39.380716162398464,1873.0853271484375,1.5472699403762817,1243.3073252345841,532.9671630859375,3371.361243993044,2.571633969542212
278,198,21.585681761028177,39.38884965020231,1639.3831787109375,1.3340048789978027,1261.6513871060113,609.82666015625,3371.361243993044,2.609576489215733
279,174,21.585139528507924,39.37583606971616,1910.7960205078125,1.6567786931991577,1186.0529701096045,519.1937255859375,3371.373574525118,2.4532190884932277
279,182,21.585139528507924,39.38017392987821,1821.9716796875,1.5891834497451782,1179.2158778251503,523.2788696289062,3371.373574525118,2.439077321030293
279,187,21.585139528507924,39.38288509247949,1957.1417236328125,1.2947803735733032,1544.2956640295113,607.7156982421875,3371.373574525118,3.1942043877892083
279,194,21.585139528507924,39.386680720121284,1705.6446533203125,1.6345572471618652,1076.2232721206515,495.338623046875,3371.373574525118,2.226048533399852
280,179,21.584597295987667,39.37854723231744,1863.01416015625,1.6210637092590332,1181.9870875371826,505.1298828125,3371.3859046697617,2.444818202531998
280,182,21.584597295987667,39.38017392987821,1704.7296142578125,1.4972635507583618,1171.2964495094338,533.0237426757812,3371.3859046697617,2.4227057220129593
280,183,21.584597295987667,39.380716162398464,1704.7296142578125,1.4972635507583618,1171.2964495094338,533.0237426757812,3371.3859046697617,2.4227057220129593
280,184,21.584597295987667,39.38125839491872,1576.760009765625,1.2753156423568726,1269.1013980418459,603.7771606445312,3371.3859046697617,2.6250051557301015
280,206,21.584597295987667,39.39318751036436,1685.794677734375,1.4644209146499634,1183.9010836622913,553.7494506835938,3371.3859046697617,2.448777105819166
281,184,21.58405506346741,39.38125839491872,1715.0382080078125,1.4054961204528809,1252.9698442804815,561.3778686523438,3371.39823448658,2.5916481811399787
281,197,21.58405506346741,39.38830741768205,1748.721435546875,1.3326103687286377,1344.9855700071696,595.4143676757812,3371.39823448658,2.781973901510998
282,182,21.583512830947154,39.38017392987821,1724.7041015625,1.5314983129501343,1158.8877103907278,525.7127685546875,3371.4105640649796,2.3970570595648564
282,190,21.583512830947154,39.38451179004026,1786.6605224609375,1.3644514083862305,1342.1680270124857,570.8583374023438,3371.4105640649796,2.776156236213595
282,197,21.583512830947154,39.38830741768205,1839.889892578125,1.2882753610610962,1460.9135704231112,600.3909912109375,3371.4105640649796,3.021770923963055
283,187,21.582970598426897,39.38288509247949,2130.494873046875,1.3145381212234497,1653.4504101856833,595.677490234375,3371.422893345356,3.4200289096911973
283,202,21.582970598426897,39.39101858028334,1690.6341552734375,1.4187933206558228,1224.3329834363215,564.6416625976562,3371.422893345356,2.5324340982022333
283,203,21.582970598426897,39.39156081280359,1690.6341552734375,1.4187933206558228,1224.3329834363215,564.6416625976562,3371.422893345356,2.5324340982022333
284,193,21.58242836590664,39.38613848760103,1817.0328369140625,1.2592333555221558,1475.7004830123467,638.3161010742188,3371.435222297907,3.0523786737116017
284,196,21.58242836590664,39.3877651851618,2041.503662109375,1.3524179458618164,1542.2542343073917,578.1866455078125,3371.435222297907,3.1900402476197547
285,201,21.581886133386384,39.39047634776308,2327.3076171875,1.3935340642929077,1702.8088309187556,573.775146484375,3371.44755089283,3.5221485845382645
286,183,21.581343900866127,39.380716162398464,1838.7911376953125,1.2055424451828003,1558.0140847616178,637.9338989257812,3371.4598793387413,3.2226619161018295
286,184,21.581343900866127,39.38125839491872,1838.7911376953125,1.2055424451828003,1558.0140847616178,637.9338989257812,3371.4598793387413,3.2226619161018295
286,195,21.581343900866127,39.387222952641544,1849.2330322265625,1.374987244606018,1377.6421861671254,565.7247924804688,3371.4598793387413,2.849573088458535
286,196,21.581343900866127,39.3877651851618,1849.2330322265625,1.374987244606018,1377.6421861671254,565.7247924804688,3371.4598793387413,2.849573088458535
287,193,21.58080166834587,39.38613848760103,1486.98974609375,1.2053887844085693,1266.3513280889747,632.269775390625,3371.472207427025,2.6193839709332822
287,211,21.58080166834587,39.39589867296564,1749.6536865234375,1.4038190841674805,1279.0856454276238,559.6956787109375,3371.472207427025,2.645724265271641
287,212,21.58080166834587,39.396440905485896,1749.6536865234375,1.4038190841674805,1279.0856454276238,559.6956787109375,3371.472207427025,2.645724265271641
288,188,21.580259435825614,39.383427324999744,1903.1357421875,1.3859107494354248,1405.9351967676066,575.801513671875,3371.4845351576805,2.908116809742828
290,190,21.5791749707851,39.38451179004026,1638.9710693359375,1.6984246969223022,997.727799603303,486.7728271484375,3371.5091898441315,2.063772363147941
291,190,21.578632738264844,39.38451179004026,1638.9710693359375,1.6984246969223022,997.727799603303,486.7728271484375,3371.521516650915,2.0637799086481112
296,198,21.575921575663564,39.38884965020231,1454.6529541015625,1.2627990245819092,1184.6604835254516,587.195068359375,3371.5831466019154,2.450491202871099
297,180,21.575379343143307,39.3790894648377,2080.858154296875,1.7556935548782349,1217.9387421357792,481.8088073730469,3371.5954716801643,2.519337080106131
298,231,21.57483711062305,39.40674332337077,1536.5546875,1.140256404876709,1380.284861503291,679.74267578125,3371.6077964901924,2.8551645694293595
298,232,21.57483711062305,39.40728555589103,1536.5546875,1.140256404876709,1380.284861503291,679.74267578125,3371.6077964901924,2.8551645694293595
300,179,21.573752645582537,39.37854723231744,2082.29833984375,1.7414227724075317,1228.478399563557,497.058349609375,3371.632445126772,2.541166494485875
301,158,21.57321041306228,39.36716034939206,1548.7401123046875,1.4543312788009644,1097.6485907939864,533.50390625,3371.6447690725327,2.2705470589282437
308,175,21.569414785420488,39.37637830223641,2020.5477294921875,1.5363601446151733,1347.8853579269228,525.7507934570312,3371.7310279607773,2.788247038215656
309,172,21.56887255290023,39.374751604675645,1838.7039794921875,1.5692681074142456,1204.4282041438046,526.4305419921875,3371.7433494329453,2.4914994627555296
309,173,21.56887255290023,39.3752938371959,1838.7039794921875,1.5692681074142456,1204.4282041438046,526.4305419921875,3371.7433494329453,2.4914994627555296
310,174,21.568330320379975,39.37583606971616,1651.5438232421875,1.5121963024139404,1124.882054269599,528.7940063476562,3371.755670696497,2.3269575271074054
310,175,21.568330320379975,39.37637830223641,1651.5438232421875,1.5121963024139404,1124.882054269599,528.7940063476562,3371.755670696497,2.3269575271074054
314,183,21.566161390298948,39.380716162398464,1902.8662109375,1.6533328294754028,1183.6604536650427,499.8547668457031,3371.8049525022507,2.4485836974433846
316,173,21.565076925258435,39.3752938371959,2120.538330078125,1.661218285560608,1309.228858936603,499.78704833984375,3371.8295916616917,2.708361047345361
316,184,21.565076925258435,39.38125839491872,1634.46728515625,1.5043890476226807,1119.198782482802,542.45654296875,3371.8295916616917,2.3152517346545554
316,205,21.565076925258435,39.3926452778441,1635.239501953125,1.6011312007904053,1054.0355864631954,512.1355590820312,3371.8295916616917,2.1804506564355957
316,206,21.565076925258435,39.39318751036436,1635.239501953125,1.6011312007904053,1054.0355864631954,512.1355590820312,3371.8295916616917,2.1804506564355957
317,189,21.56453469273818,39.383969557520004,1548.237060546875,1.5045663118362427,1061.7584321046083,529.0078125,3371.8419108092785,2.1964346919287316
317,190,21.56453469273818,39.38451179004026,1548.237060546875,1.5045663118362427,1061.7584321046083,529.0078125,3371.8419108092785,2.1964346919287316
318,190,21.563992460217925,39.38451179004026,2467.3779296875,1.6174274682998657,1558.228215125331,497.8638610839844,3371.854229569435,3.223481829915616
320,192,21.56290799517741,39.38559625508077,1757.977294921875,1.5911442041397095,1137.5839779544651,512.5048217773438,3371.8788663446903,2.353319007122255
323,184,21.56128129761664,39.38125839491872,1596.285888671875,1.5404396057128906,1068.9864304550822,519.6520385742188,3371.915819257498,2.211435554165604
324,184,21.560739065096385,39.38125839491872,1596.285888671875,1.5404396057128906,1068.9864304550822,519.6520385742188,3371.9281362891197,2.2114436321613518
324,191,21.560739065096385,39.38505402256052,1739.4197998046875,1.6654231548309326,1077.1640965758618,490.5968017578125,3371.9281362891197,2.22836101029967
330,195,21.55748566997485,39.387222952641544,1674.2938232421875,1.6400269269943237,1053.6270650779018,498.7909240722656,3372.0020322799683,2.179717029367387
332,192,21.556401204934335,39.38559625508077,1751.414794921875,1.5849932432174683,1137.731231226508,517.0640869140625,3372.0266618430614,2.353726793385875
335,192,21.554774507373565,39.38559625508077,1800.1044921875,1.7177268266677856,1080.6903318441898,481.26336669921875,3372.0636039972305,2.235745654590621
338,210,21.553147809812796,39.39535644044538,1662.851318359375,1.5902286767959595,1078.4010084750762,526.8744506835938,3372.1005434691906,2.2310339135410637
344,192,21.54989441469126,39.38559625508077,1578.583740234375,1.3298799991607666,1219.745126641068,602.60400390625,3372.1744143366814,2.523506873586365
344,193,21.54989441469126,39.38613848760103,1762.4249267578125,1.2915006875991821,1397.3663222993637,619.9526977539062,3372.1744143366814,2.8909838967351824
345,193,21.549352182171003,39.38613848760103,1762.4249267578125,1.2915006875991821,1397.3663222993637,619.9526977539062,3372.1867251694202,2.8909944508806182
348,188,21.547725484610233,39.383427324999744,1894.9742431640625,1.462082862854004,1328.8115135109474,560.326416015625,3372.223655641079,2.7491923353400223
