row,col,latitude,longitude,raw_ppmm,analysis_enhancement_ppmm,sensor_uncertainty_ppmm,area_m2,excess_ch4_kg
100,143,-22.746164630091894,-43.74407142542276,909.8895263671875,909.8895263671875,,3344.2898840010166,1.9533270811745997
101,141,-22.74670686261215,-43.74515589046327,1048.3372802734375,1048.3372802734375,,3344.2769171595573,2.250534378825843
101,142,-22.74670686261215,-43.74461365794302,1048.3372802734375,1048.3372802734375,,3344.2769171595573,2.250534378825843
101,143,-22.74670686261215,-43.74407142542276,791.5059204101562,791.5059204101562,,3344.2769171595573,1.699177658227159
102,140,-22.747249095132403,-43.74569812298353,1226.648681640625,1226.648681640625,,3344.2639498710632,2.6333169453715355
102,142,-22.747249095132403,-43.74461365794302,537.27392578125,537.27392578125,,3344.2639498710632,1.1533966931540356
102,145,-22.747249095132403,-43.74298696038225,643.882568359375,643.882568359375,,3344.2639498710632,1.382259569074267
102,146,-22.747249095132403,-43.742444727861994,890.5814819335938,890.5814819335938,,3344.2639498710632,1.9118622493224198
102,147,-22.747249095132403,-43.74190249534174,842.7504272460938,842.7504272460938,,3344.2639498710632,1.8091805860974415
103,134,-22.74779132765266,-43.74895151810507,1077.296630859375,1077.296630859375,,3344.2509824335575,2.3126853806710557
103,136,-22.74779132765266,-43.74786705306456,1001.8057250976562,1001.8057250976562,,3344.2509824335575,2.1506253601273424
103,137,-22.74779132765266,-43.7473248205443,717.859375,717.859375,,3344.2509824335575,1.5410638392285785
103,139,-22.74779132765266,-43.74624035550379,1545.485107421875,1545.485107421875,,3344.2509824335575,3.3177684878938116
103,140,-22.74779132765266,-43.74569812298353,1226.648681640625,1226.648681640625,,3344.2509824335575,2.633306734642528
103,144,-22.74779132765266,-43.74352919290251,611.3350219726562,611.3350219726562,,3344.2509824335575,1.3123827992300985
103,145,-22.74779132765266,-43.74298696038225,611.3350219726562,611.3350219726562,,3344.2509824335575,1.3123827992300985
103,146,-22.74779132765266,-43.742444727861994,890.5814819335938,890.5814819335938,,3344.2509824335575,1.9118548360456542
103,147,-22.74779132765266,-43.74190249534174,831.0390014648438,831.0390014648438,,3344.2509824335575,1.78403208030277
103,148,-22.74779132765266,-43.74136026282148,755.075439453125,755.075439453125,,3344.2509824335575,1.6209573854640247
104,132,-22.748333560172917,-43.75003598314558,716.8439331054688,716.8439331054688,,3344.2380146980286,1.538877973228802
104,133,-22.748333560172917,-43.74949375062533,839.2418212890625,839.2418212890625,,3344.2380146980286,1.8016344888339104
104,136,-22.748333560172917,-43.74786705306456,1001.8057250976562,1001.8057250976562,,3344.2380146980286,2.1506170208187685
104,138,-22.748333560172917,-43.74678258802405,714.8994750976562,714.8994750976562,,3344.2380146980286,1.5347037262834062
104,139,-22.748333560172917,-43.74624035550379,1545.485107421875,1545.485107421875,,3344.2380146980286,3.3177556228473413
104,147,-22.748333560172917,-43.74190249534174,831.0390014648438,831.0390014648438,,3344.2380146980286,1.784025162503743
104,148,-22.748333560172917,-43.74136026282148,755.075439453125,755.075439453125,,3344.2380146980286,1.6209511000067462
104,150,-22.748333560172917,-43.74027579778097,689.7849731445312,689.7849731445312,,3344.2380146980286,1.480789405356051
105,132,-22.748875792693173,-43.75003598314558,716.8439331054688,716.8439331054688,,3344.2250465750694,1.5388720058429017
105,137,-22.748875792693173,-43.7473248205443,546.3934326171875,546.3934326171875,,3344.2250465750694,1.1729604155097022
105,138,-22.748875792693173,-43.74678258802405,546.3934326171875,546.3934326171875,,3344.2250465750694,1.1729604155097022
105,139,-22.748875792693173,-43.74624035550379,729.8046264648438,729.8046264648438,,3344.2250465750694,1.5666951445568646
105,148,-22.748875792693173,-43.74136026282148,643.4716796875,643.4716796875,,3344.2250465750694,1.3813614214938386
106,128,-22.74941802521343,-43.752204913226606,571.6796875,571.6796875,,3344.212078243494,1.2272384758889312
106,130,-22.74941802521343,-43.75112044818609,885.1490478515625,885.1490478515625,,3344.212078243494,1.9001706588007645
106,131,-22.74941802521343,-43.75057821566584,885.1490478515625,885.1490478515625,,3344.212078243494,1.9001706588007645
106,132,-22.74941802521343,-43.75003598314558,611.98828125,611.98828125,,3344.212078243494,1.313769899412661
106,136,-22.74941802521343,-43.74786705306456,1718.2918701171875,1718.2918701171875,,3344.212078243494,3.688698307677686
106,137,-22.74941802521343,-43.7473248205443,1718.2918701171875,1718.2918701171875,,3344.212078243494,3.688698307677686
106,138,-22.74941802521343,-43.74678258802405,514.7626342773438,514.7626342773438,,3344.212078243494,1.1050532746715767
106,142,-22.74941802521343,-43.74461365794302,1186.2803955078125,1186.2803955078125,,3344.212078243494,2.5466165343856586
106,145,-22.74941802521343,-43.74298696038225,574.418701171875,574.418701171875,,3344.212078243494,1.2331183821329514
106,146,-22.74941802521343,-43.742444727861994,1084.7513427734375,1084.7513427734375,,3344.212078243494,2.3286616854368205
106,150,-22.74941802521343,-43.74027579778097,667.2898559570312,667.2898559570312,,3344.212078243494,1.432487114212627
106,151,-22.74941802521343,-43.739733565260714,667.2898559570312,667.2898559570312,,3344.212078243494,1.432487114212627
107,128,-22.749960257733687,-43.752204913226606,571.6796875,571.6796875,,3344.1991095542908,1.227233716718759
107,130,-22.749960257733687,-43.75112044818609,532.1587524414062,532.1587524414062,,3344.1991095542908,1.1423935079783378
107,131,-22.749960257733687,-43.75057821566584,1689.184814453125,1689.184814453125,,3344.1991095542908,3.626199431943602
107,135,-22.749960257733687,-43.74840928558481,892.5198364257812,892.5198364257812,,3344.1991095542908,1.9159862770216587
107,136,-22.749960257733687,-43.74786705306456,644.0643920898438,644.0643920898438,,3344.1991095542908,1.3826230929547012
107,137,-22.749960257733687,-43.7473248205443,1574.2158203125,1574.2158203125,,3344.1991095542908,3.3793936960189437
107,142,-22.749960257733687,-43.74461365794302,1186.2803955078125,1186.2803955078125,,3344.1991095542908,2.5466066587325655
107,145,-22.749960257733687,-43.74298696038225,574.418701171875,574.418701171875,,3344.1991095542908,1.2331136001607934
107,148,-22.749960257733687,-43.74136026282148,1548.012451171875,1548.012451171875,,3344.1991095542908,3.3231425140998674
108,135,-22.750502490253943,-43.74840928558481,892.5198364257812,892.5198364257812,,3344.1861405670643,1.915978846721985
108,136,-22.750502490253943,-43.74786705306456,551.3822631835938,551.3822631835938,,3344.1861405670643,1.1836563285227437
108,137,-22.750502490253943,-43.7473248205443,549.0264892578125,549.0264892578125,,3344.1861405670643,1.1785991714431527
108,140,-22.750502490253943,-43.74569812298353,1374.7623291015625,1374.7623291015625,,3344.1861405670643,2.951212325293654
109,137,-22.7510447227742,-43.7473248205443,549.0264892578125,549.0264892578125,,3344.173171341419,1.1785946006692911
109,141,-22.7510447227742,-43.74515589046327,1468.5751953125,1468.5751953125,,3344.173171341419,3.152588863630194
109,145,-22.7510447227742,-43.74298696038225,1054.30419921875,1054.30419921875,,3344.173171341419,2.2632737417496065
109,146,-22.7510447227742,-43.742444727861994,1054.30419921875,1054.30419921875,,3344.173171341419,2.2632737417496065
109,147,-22.7510447227742,-43.74190249534174,861.4284057617188,861.4284057617188,,3344.173171341419,1.8492274740083863
110,137,-22.751586955294457,-43.7473248205443,1176.7220458984375,1176.7220458984375,,3344.1602017581463,2.5260582107441585
110,138,-22.751586955294457,-43.74678258802405,1538.6871337890625,1538.6871337890625,,3344.1602017581463,3.303085279673367
110,139,-22.751586955294457,-43.74624035550379,1538.6871337890625,1538.6871337890625,,3344.1602017581463,3.303085279673367
110,140,-22.751586955294457,-43.74569812298353,647.5118408203125,647.5118408203125,,3344.1602017581463,1.3900076128933065
110,141,-22.751586955294457,-43.74515589046327,2387.7431640625,2387.7431640625,,3344.1602017581463,5.125745919141978
110,142,-22.751586955294457,-43.74461365794302,2387.7431640625,2387.7431640625,,3344.1602017581463,5.125745919141978
110,146,-22.751586955294457,-43.742444727861994,1004.0674438476562,1004.0674438476562,,3344.1602017581463,2.1554221912582245
110,151,-22.751586955294457,-43.739733565260714,746.2235717773438,746.2235717773438,,3344.1602017581463,1.6019111625462708
111,127,-22.752129187814713,-43.752747145746866,715.6804809570312,715.6804809570312,,3344.1472319066525,1.5363386366389666
111,130,-22.752129187814713,-43.75112044818609,632.9187622070312,632.9187622070312,,3344.1472319066525,1.3586755180637005
111,138,-22.752129187814713,-43.74678258802405,1120.886962890625,1120.886962890625,,3344.1472319066525,2.4061882281475353
111,139,-22.752129187814713,-43.74624035550379,1693.023193359375,1693.023193359375,,3344.1472319066525,3.634382959844977
111,140,-22.752129187814713,-43.74569812298353,711.3274536132812,711.3274536132812,,3344.1472319066525,1.5269940697931503
111,145,-22.752129187814713,-43.74298696038225,1241.0157470703125,1241.0157470703125,,3344.1472319066525,2.664066565504061
111,146,-22.752129187814713,-43.742444727861994,1241.0157470703125,1241.0157470703125,,3344.1472319066525,2.664066565504061
112,130,-22.75267142033497,-43.75112044818609,777.6094360351562,777.6094360351562,,3344.1342617571354,1.6692739554808547
112,135,-22.75267142033497,-43.74840928558481,1073.7337646484375,1073.7337646484375,,3344.1342617571354,2.30495635133601
112,136,-22.75267142033497,-43.74786705306456,1696.2808837890625,1696.2808837890625,,3344.1342617571354,3.64136206335993
112,140,-22.75267142033497,-43.74569812298353,711.3274536132812,711.3274536132812,,3344.1342617571354,1.526988147403966
112,142,-22.75267142033497,-43.74461365794302,1026.93798828125,1026.93798828125,,3344.1342617571354,2.204501075079922
112,143,-22.75267142033497,-43.74407142542276,626.8641967773438,626.8641967773438,,3344.1342617571354,1.3456730703259323
112,145,-22.75267142033497,-43.74298696038225,698.1026611328125,698.1026611328125,,3344.1342617571354,1.4985988292819477
112,146,-22.75267142033497,-43.742444727861994,1151.373291015625,1151.373291015625,,3344.1342617571354,2.471623103660188
112,152,-22.75267142033497,-43.739191332740454,642.7058715820312,642.7058715820312,,3344.1342617571354,1.3796799816842797
113,130,-22.753213652855226,-43.75112044818609,777.6094360351562,777.6094360351562,,3344.121291279793,1.669267481075725
113,136,-22.753213652855226,-43.74786705306456,1696.2808837890625,1696.2808837890625,,3344.121291279793,3.641347940062107
113,138,-22.753213652855226,-43.74678258802405,521.716796875,521.716796875,,3344.121291279793,1.1199515373615576
113,140,-22.753213652855226,-43.74569812298353,887.265380859375,887.265380859375,,3344.121291279793,1.904662133351301
113,141,-22.753213652855226,-43.74515589046327,642.8110961914062,642.8110961914062,,3344.121291279793,1.3799005125478472
113,142,-22.753213652855226,-43.74461365794302,642.8110961914062,642.8110961914062,,3344.121291279793,1.3799005125478472
113,144,-22.753213652855226,-43.74352919290251,1142.552734375,1142.552734375,,3344.121291279793,2.4526787311517544
113,145,-22.753213652855226,-43.74298696038225,1142.552734375,1142.552734375,,3344.121291279793,2.4526787311517544
113,148,-22.753213652855226,-43.74136026282148,707.3795776367188,707.3795776367188,,3344.121291279793,1.5185074550364264
113,151,-22.753213652855226,-43.739733565260714,984.1569213867188,984.1569213867188,,3344.121291279793,2.1126558771236095
114,133,-22.75375588537548,-43.74949375062533,868.7186889648438,868.7186889648438,,3344.108320593834,1.8648413534670523
114,134,-22.75375588537548,-43.74895151810507,981.4041137695312,981.4041137695312,,3344.108320593834,2.1067383481767945
114,135,-22.75375588537548,-43.74840928558481,981.4041137695312,981.4041137695312,,3344.108320593834,2.1067383481767945
114,137,-22.75375588537548,-43.7473248205443,984.1213989257812,984.1213989257812,,3344.108320593834,2.112571428312984
114,138,-22.75375588537548,-43.74678258802405,984.1213989257812,984.1213989257812,,3344.108320593834,2.112571428312984
114,139,-22.75375588537548,-43.74624035550379,615.2211303710938,615.2211303710938,,3344.108320593834,1.3206689576459545
114,142,-22.75375588537548,-43.74461365794302,679.5034790039062,679.5034790039062,,3344.108320593834,1.4586611334230157
114,143,-22.75375588537548,-43.74407142542276,552.63623046875,552.63623046875,,3344.108320593834,1.1863206226520817
114,150,-22.75375588537548,-43.74027579778097,562.019287109375,562.019287109375,,3344.108320593834,1.206462830098098
114,151,-22.75375588537548,-43.739733565260714,761.25390625,761.25390625,,3344.108320593834,1.6341512884394516
114,152,-22.75375588537548,-43.739191332740454,761.25390625,761.25390625,,3344.108320593834,1.6341512884394516
115,129,-22.754298117895736,-43.75166268070635,604.3236083984375,604.3236083984375,,3344.095349520445,1.2972706802207234
115,130,-22.754298117895736,-43.75112044818609,616.7772827148438,616.7772827148438,,3344.095349520445,1.3240043479563053
115,131,-22.754298117895736,-43.75057821566584,616.7772827148438,616.7772827148438,,3344.095349520445,1.3240043479563053
115,133,-22.754298117895736,-43.74949375062533,803.9722900390625,803.9722900390625,,3344.095349520445,1.7258463265097952
115,134,-22.754298117895736,-43.74895151810507,803.9722900390625,803.9722900390625,,3344.095349520445,1.7258463265097952
115,135,-22.754298117895736,-43.74840928558481,769.3154907226562,769.3154907226562,,3344.095349520445,1.6514503423075277
115,137,-22.754298117895736,-43.7473248205443,555.5123291015625,555.5123291015625,,3344.095349520445,1.1924899954751556
115,138,-22.754298117895736,-43.74678258802405,967.2569580078125,967.2569580078125,,3344.095349520445,2.07636119857777
115,140,-22.754298117895736,-43.74569812298353,1204.2071533203125,1204.2071533203125,,3344.095349520445,2.5850101025418453
115,141,-22.754298117895736,-43.74515589046327,1443.6343994140625,1443.6343994140625,,3344.095349520445,3.0989763651317888
115,143,-22.754298117895736,-43.74407142542276,552.63623046875,552.63623046875,,3344.095349520445,1.1863160211707946
115,152,-22.754298117895736,-43.739191332740454,549.6112670898438,549.6112670898438,,3344.095349520445,1.1798224865054912
115,153,-22.754298117895736,-43.7386491002202,572.101318359375,572.101318359375,,3344.095349520445,1.2281007329667613
115,158,-22.754298117895736,-43.735937937618914,836.1760864257812,836.1760864257812,,3344.095349520445,1.7949765743831236
116,123,-22.754840350415993,-43.75491607582789,582.5682373046875,582.5682373046875,,3344.0823781490326,1.250564683417778
116,125,-22.754840350415993,-43.75383161078738,886.4158325195312,886.4158325195312,,3344.0823781490326,1.9028162951347611
116,126,-22.754840350415993,-43.75328937826712,709.8042602539062,709.8042602539062,,3344.0823781490326,1.52369470762747
116,130,-22.754840350415993,-43.75112044818609,859.048095703125,859.048095703125,,3344.0823781490326,1.8440675976671195
116,132,-22.754840350415993,-43.75003598314558,568.18359375,568.18359375,,3344.0823781490326,1.2196860222393502
116,135,-22.754840350415993,-43.74840928558481,912.3517456054688,912.3517456054688,,3344.0823781490326,1.9584913815203973
116,138,-22.754840350415993,-43.74678258802405,534.6541137695312,534.6541137695312,,3344.0823781490326,1.1477102761689246
116,149,-22.754840350415993,-43.74081803030123,1203.23583984375,1203.23583984375,,3344.0823781490326,2.5829150145447106
116,151,-22.754840350415993,-43.739733565260714,1716.404052734375,1716.404052734375,,3344.0823781490326,3.684502781606566
116,152,-22.754840350415993,-43.739191332740454,1201.955078125,1201.955078125,,3344.0823781490326,2.580165679323909
116,153,-22.754840350415993,-43.7386491002202,572.101318359375,572.101318359375,,3344.0823781490326,1.228095969301532
116,155,-22.754840350415993,-43.73756463517969,628.454833984375,628.454833984375,,3344.0823781490326,1.3490667190168117
116,157,-22.754840350415993,-43.736480170139174,1580.3143310546875,1580.3143310546875,,3344.0823781490326,3.392367047437176
117,123,-22.75538258293625,-43.75491607582789,665.1853637695312,665.1853637695312,,3344.0694065392017,1.4279084300098566
117,124,-22.75538258293625,-43.75437384330763,665.1853637695312,665.1853637695312,,3344.0694065392017,1.4279084300098566
117,126,-22.75538258293625,-43.75328937826712,596.7618408203125,596.7618408203125,,3344.0694065392017,1.2810282811796223
117,127,-22.75538258293625,-43.752747145746866,596.7618408203125,596.7618408203125,,3344.0694065392017,1.2810282811796223
117,128,-22.75538258293625,-43.752204913226606,707.8655395507812,707.8655395507812,,3344.0694065392017,1.5195270766484268
117,131,-22.75538258293625,-43.75057821566584,508.1075134277344,508.1075134277344,,3344.0694065392017,1.0907200327789912
117,132,-22.75538258293625,-43.75003598314558,568.18359375,568.18359375,,3344.0694065392017,1.2196812911085324
117,133,-22.75538258293625,-43.74949375062533,1199.5718994140625,1199.5718994140625,,3344.0694065392017,2.575039862376981
117,135,-22.75538258293625,-43.74840928558481,912.3517456054688,912.3517456054688,,3344.0694065392017,1.9584837845825276
117,138,-22.75538258293625,-43.74678258802405,534.6541137695312,534.6541137695312,,3344.0694065392017,1.147705824230181
117,149,-22.75538258293625,-43.74081803030123,1203.23583984375,1203.23583984375,,3344.0694065392017,2.5829049954835734
117,151,-22.75538258293625,-43.739733565260714,1058.3870849609375,1058.3870849609375,,3344.0694065392017,2.2719679703489364
117,152,-22.75538258293625,-43.739191332740454,1201.955078125,1201.955078125,,3344.0694065392017,2.5801556709273723
117,153,-22.75538258293625,-43.7386491002202,1150.9718017578125,1150.9718017578125,,3344.0694065392017,2.470713319848445
117,155,-22.75538258293625,-43.73756463517969,628.454833984375,628.454833984375,,3344.0694065392017,1.3490614860215873
117,157,-22.75538258293625,-43.736480170139174,1580.3143310546875,1580.3143310546875,,3344.0694065392017,3.3923538885323508
118,124,-22.755924815456506,-43.75437384330763,1077.1029052734375,1077.1029052734375,,3344.0564346313477,2.3121349869649057
118,126,-22.755924815456506,-43.75328937826712,797.5061645507812,797.5061645507812,,3344.0564346313477,1.7119459026154444
118,127,-22.755924815456506,-43.752747145746866,873.4616088867188,873.4616088867188,,3344.0564346313477,1.8749936851808466
118,128,-22.755924815456506,-43.752204913226606,707.8655395507812,707.8655395507812,,3344.0564346313477,1.5195211822835604
118,131,-22.755924815456506,-43.75057821566584,508.1075134277344,508.1075134277344,,3344.0564346313477,1.0907158017903245
118,132,-22.755924815456506,-43.75003598314558,525.177734375,525.177734375,,3344.0564346313477,1.1273591483955168
118,133,-22.755924815456506,-43.74949375062533,959.7481079101562,959.7481079101562,,3344.0564346313477,2.060218358067748
118,134,-22.755924815456506,-43.74895151810507,959.7481079101562,959.7481079101562,,3344.0564346313477,2.060218358067748
118,135,-22.755924815456506,-43.74840928558481,704.2184448242188,704.2184448242188,,3344.0564346313477,1.5116922410776878
118,136,-22.755924815456506,-43.74786705306456,1706.8035888671875,1706.8035888671875,,3344.0564346313477,3.6638656105892227
118,137,-22.755924815456506,-43.7473248205443,1706.8035888671875,1706.8035888671875,,3344.0564346313477,3.6638656105892227
118,138,-22.755924815456506,-43.74678258802405,747.6016235351562,747.6016235351562,,3344.0564346313477,1.6048196153074
118,143,-22.755924815456506,-43.74407142542276,952.6353759765625,952.6353759765625,,3344.0564346313477,2.0449499967291533
118,144,-22.755924815456506,-43.74352919290251,1748.006103515625,1748.006103515625,,3344.0564346313477,3.7523119189253813
118,146,-22.755924815456506,-43.742444727861994,500.328125,500.328125,,3344.0564346313477,1.0740163795968727
118,149,-22.755924815456506,-43.74081803030123,1159.05322265625,1159.05322265625,,3344.0564346313477,2.4880515081125085
118,150,-22.755924815456506,-43.74027579778097,805.656494140625,805.656494140625,,3344.0564346313477,1.7294415960238558
118,151,-22.755924815456506,-43.739733565260714,805.656494140625,805.656494140625,,3344.0564346313477,1.7294415960238558
118,152,-22.755924815456506,-43.739191332740454,721.6559448242188,721.6559448242188,,3344.0564346313477,1.5491239977258284
118,158,-22.755924815456506,-43.735937937618914,906.7150268554688,906.7150268554688,,3344.0564346313477,1.9463762715106048
119,123,-22.756467047976763,-43.75491607582789,1132.434326171875,1132.434326171875,,3344.043462395668,2.4309013151076484
119,124,-22.756467047976763,-43.75437384330763,769.1791381835938,769.1791381835938,,3344.043462395668,1.6511320218317698
119,128,-22.756467047976763,-43.752204913226606,846.53369140625,846.53369140625,,3344.043462395668,1.817182521019817
119,129,-22.756467047976763,-43.75166268070635,886.2792358398438,886.2792358398438,,3344.043462395668,1.902500931103607
119,130,-22.756467047976763,-43.75112044818609,886.2792358398438,886.2792358398438,,3344.043462395668,1.902500931103607
119,132,-22.756467047976763,-43.75003598314558,867.5265502929688,867.5265502929688,,3344.043462395668,1.8622461217039317
119,133,-22.756467047976763,-43.74949375062533,867.5265502929688,867.5265502929688,,3344.043462395668,1.8622461217039317
119,135,-22.756467047976763,-43.74840928558481,1065.3424072265625,1065.3424072265625,,3344.043462395668,2.286880747885367
119,136,-22.756467047976763,-43.74786705306456,589.2717895507812,589.2717895507812,,3344.043462395668,1.2649400809115177
119,137,-22.756467047976763,-43.7473248205443,1085.8536376953125,1085.8536376953125,,3344.043462395668,2.3309104774410856
119,142,-22.756467047976763,-43.74461365794302,724.8991088867188,724.8991088867188,,3344.043462395668,1.5560798153036877
119,148,-22.756467047976763,-43.74136026282148,617.9887084960938,617.9887084960938,,3344.043462395668,1.3265842702624195
119,151,-22.756467047976763,-43.739733565260714,911.529541015625,911.529541015625,,3344.043462395668,1.9567036328763188
119,152,-22.756467047976763,-43.739191332740454,890.921630859375,890.921630859375,,3344.043462395668,1.9124663691845742
119,154,-22.756467047976763,-43.73810686769994,613.7891845703125,613.7891845703125,,3344.043462395668,1.3175695062288024
119,156,-22.756467047976763,-43.73702240265943,736.8271484375,736.8271484375,,3344.043462395668,1.5816847323929364
119,159,-22.756467047976763,-43.73539570509866,1358.66748046875,1358.66748046875,,3344.043462395668,2.916536958244941
120,122,-22.75700928049702,-43.755458308348146,761.0160522460938,761.0160522460938,,3344.030489861965,1.6336026760636677
120,124,-22.75700928049702,-43.75437384330763,769.1791381835938,769.1791381835938,,3344.030489861965,1.6511256166022799
120,130,-22.75700928049702,-43.75112044818609,919.2677001953125,919.2677001953125,,3344.030489861965,1.9733068318673745
120,134,-22.75700928049702,-43.74895151810507,588.6218872070312,588.6218872070312,,3344.030489861965,1.263540088665703
120,135,-22.75700928049702,-43.74840928558481,1065.3424072265625,1065.3424072265625,,3344.030489861965,2.2868718763985245
120,137,-22.75700928049702,-43.7473248205443,538.2083740234375,538.2083740234375,,3344.030489861965,1.1553220690806731
120,139,-22.75700928049702,-43.74624035550379,1141.174560546875,1141.174560546875,,3344.030489861965,2.4496537365578597
120,142,-22.75700928049702,-43.74461365794302,1047.110107421875,1047.110107421875,,3344.030489861965,2.247734287035165
120,144,-22.75700928049702,-43.74352919290251,1176.5255126953125,1176.5255126953125,,3344.030489861965,2.5255383514232648
120,152,-22.75700928049702,-43.739191332740454,890.921630859375,890.921630859375,,3344.030489861965,1.9124589501618527
120,160,-22.75700928049702,-43.73485347257841,1124.3900146484375,1124.3900146484375,,3344.030489861965,2.413623906417911
121,118,-22.757551513017276,-43.75762723842917,1595.6614990234375,1595.6614990234375,,3344.0175170600414,3.425245466089756
121,122,-22.757551513017276,-43.755458308348146,944.4113159179688,944.4113159179688,,3344.0175170600414,2.0272724383910004
121,123,-22.757551513017276,-43.75491607582789,944.4113159179688,944.4113159179688,,3344.0175170600414,2.0272724383910004
121,127,-22.757551513017276,-43.752747145746866,778.861083984375,778.861083984375,,3344.0175170600414,1.6719024669480027
121,133,-22.757551513017276,-43.74949375062533,988.345947265625,988.345947265625,,3344.0175170600414,2.1215824765287783
121,134,-22.757551513017276,-43.74895151810507,588.6218872070312,588.6218872070312,,3344.0175170600414,1.2635351868996028
121,135,-22.757551513017276,-43.74840928558481,688.1806640625,688.1806640625,,3344.0175170600414,1.477247963226123
121,137,-22.757551513017276,-43.7473248205443,538.2083740234375,538.2083740234375,,3344.0175170600414,1.1553175871345889
121,139,-22.757551513017276,-43.74624035550379,570.0736083984375,570.0736083984375,,3344.0175170600414,1.223719469135035
121,140,-22.757551513017276,-43.74569812298353,570.0736083984375,570.0736083984375,,3344.0175170600414,1.223719469135035
121,141,-22.757551513017276,-43.74515589046327,527.7865600585938,527.7865600585938,,3344.0175170600414,1.1329461311250535
121,142,-22.757551513017276,-43.74461365794302,1047.110107421875,1047.110107421875,,3344.0175170600414,2.247725567194909
121,153,-22.757551513017276,-43.7386491002202,541.1153564453125,541.1153564453125,,3344.0175170600414,1.1615577128546264
122,134,-22.758093745537533,-43.74895151810507,1047.2198486328125,1047.2198486328125,,3344.0045439600945,2.2479524166201443
122,141,-22.758093745537533,-43.74515589046327,527.7865600585938,527.7865600585938,,3344.0045439600945,1.1329417358659621
122,146,-22.758093745537533,-43.742444727861994,816.497314453125,816.497314453125,,3344.0045439600945,1.7526855641487409
122,149,-22.758093745537533,-43.74081803030123,669.0857543945312,669.0857543945312,,3344.0045439600945,1.4362532762159983
122,150,-22.758093745537533,-43.74027579778097,669.0857543945312,669.0857543945312,,3344.0045439600945,1.4362532762159983
122,156,-22.758093745537533,-43.73702240265943,786.9840698242188,786.9840698242188,,3344.0045439600945,1.6893327068929638
122,157,-22.758093745537533,-43.736480170139174,681.5300903320312,681.5300903320312,,3344.0045439600945,1.4629661723480356
122,159,-22.758093745537533,-43.73539570509866,1136.6302490234375,1136.6302490234375,,3344.0045439600945,2.4398799530314155
123,118,-22.75863597805779,-43.75762723842917,550.8208618164062,550.8208618164062,,3343.9915704727173,1.1823823672120084
123,119,-22.75863597805779,-43.75708500590891,674.3986206054688,674.3986206054688,,3343.9915704727173,1.4476522091891775
123,121,-22.75863597805779,-43.756000540868406,536.1995239257812,536.1995239257812,,3343.9915704727173,1.1509964606399257
123,124,-22.75863597805779,-43.75437384330763,1127.416259765625,1127.416259765625,,3343.9915704727173,2.420091900040093
123,125,-22.75863597805779,-43.75383161078738,1569.012939453125,1569.012939453125,,3343.9915704727173,3.368015560302442
123,131,-22.75863597805779,-43.75057821566584,800.6414794921875,800.6414794921875,,3343.9915704727173,1.7186429081286856
123,132,-22.75863597805779,-43.75003598314558,800.6414794921875,800.6414794921875,,3343.9915704727173,1.7186429081286856
123,134,-22.75863597805779,-43.74895151810507,770.8033447265625,770.8033447265625,,3343.9915704727173,1.6545928932090803
123,135,-22.75863597805779,-43.74840928558481,770.8033447265625,770.8033447265625,,3343.9915704727173,1.6545928932090803
123,138,-22.75863597805779,-43.74678258802405,802.7483520507812,802.7483520507812,,3343.9915704727173,1.7231654836807977
123,139,-22.75863597805779,-43.74624035550379,717.173095703125,717.173095703125,,3343.9915704727173,1.5394711445785116
123,144,-22.75863597805779,-43.74352919290251,577.9660034179688,577.9660034179688,,3343.9915704727173,1.2406516504038612
123,145,-22.75863597805779,-43.74298696038225,606.45556640625,606.45556640625,,3343.9915704727173,1.3018068448818572
123,146,-22.75863597805779,-43.742444727861994,606.45556640625,606.45556640625,,3343.9915704727173,1.3018068448818572
123,154,-22.75863597805779,-43.73810686769994,1107.3311767578125,1107.3311767578125,,3343.9915704727173,2.3769776143645034
123,159,-22.75863597805779,-43.73539570509866,815.7545166015625,815.7545166015625,,3343.9915704727173,1.7510842875895487
123,160,-22.75863597805779,-43.73485347257841,815.7545166015625,815.7545166015625,,3343.9915704727173,1.7510842875895487
124,118,-22.759178210578046,-43.75762723842917,1322.4114990234375,1322.4114990234375,,3343.978596866131,2.8386542354990953
124,119,-22.759178210578046,-43.75708500590891,632.7498168945312,632.7498168945312,,3343.978596866131,1.3582443506165431
124,121,-22.759178210578046,-43.756000540868406,736.75634765625,736.75634765625,,3343.978596866131,1.581502072803884
124,130,-22.759178210578046,-43.75112044818609,794.094970703125,794.094970703125,,3343.978596866131,1.704583674324965
124,132,-22.759178210578046,-43.75003598314558,1590.9259033203125,1590.9259033203125,,3343.978596866131,3.4150402935549407
124,139,-22.759178210578046,-43.74624035550379,785.6957397460938,785.6957397460938,,3343.978596866131,1.6865541029330655
124,141,-22.759178210578046,-43.74515589046327,949.6641235351562,949.6641235351562,,3343.978596866131,2.0385243841008296
124,142,-22.759178210578046,-43.74461365794302,1198.7418212890625,1198.7418212890625,,3343.978596866131,2.573188111858507
124,144,-22.759178210578046,-43.74352919290251,631.5211791992188,631.5211791992188,,3343.978596866131,1.3556069887966646
124,146,-22.759178210578046,-43.742444727861994,1368.950439453125,1368.950439453125,,3343.978596866131,2.938553518334983
124,148,-22.759178210578046,-43.74136026282148,617.1701049804688,617.1701049804688,,3343.978596866131,1.3248013449822391
124,150,-22.759178210578046,-43.74027579778097,812.2863159179688,812.2863159179688,,3343.978596866131,1.74363274428668
124,154,-22.759178210578046,-43.73810686769994,1107.3311767578125,1107.3311767578125,,3343.978596866131,2.376968392459548
124,160,-22.759178210578046,-43.73485347257841,563.5806884765625,563.5806884765625,,3343.978596866131,1.2097676930145451
125,115,-22.759720443098303,-43.75925393598994,570.5692138671875,570.5692138671875,,3343.9656228125095,1.2247643285248655
125,119,-22.759720443098303,-43.75708500590891,632.7498168945312,632.7498168945312,,3343.9656228125095,1.3582390808653995
125,130,-22.759720443098303,-43.75112044818609,585.85498046875,585.85498046875,,3343.9656228125095,1.2575762314679997
125,131,-22.759720443098303,-43.75057821566584,585.85498046875,585.85498046875,,3343.9656228125095,1.2575762314679997
125,132,-22.759720443098303,-43.75003598314558,1138.867919921875,1138.867919921875,,3343.9656228125095,2.444654862760097
125,134,-22.759720443098303,-43.74895151810507,696.3948974609375,696.3948974609375,,3343.9656228125095,1.494857430522747
125,135,-22.759720443098303,-43.74840928558481,909.6427612304688,909.6427612304688,,3343.9656228125095,1.95260798966849
125,137,-22.759720443098303,-43.7473248205443,914.09375,914.09375,,3343.9656228125095,1.962162329683855
125,139,-22.759720443098303,-43.74624035550379,785.6957397460938,785.6957397460938,,3343.9656228125095,1.686547559397354
125,140,-22.759720443098303,-43.74569812298353,826.1553344726562,826.1553344726562,,3343.9656228125095,1.7733967394149797
125,141,-22.759720443098303,-43.74515589046327,949.6641235351562,949.6641235351562,,3343.9656228125095,2.038516474981826
125,142,-22.759720443098303,-43.74461365794302,1198.7418212890625,1198.7418212890625,,3343.9656228125095,2.573178128337508
125,143,-22.759720443098303,-43.74407142542276,1845.324951171875,1845.324951171875,,3343.9656228125095,3.961111324976407
125,144,-22.759720443098303,-43.74352919290251,631.5211791992188,631.5211791992188,,3343.9656228125095,1.3556017292780245
125,148,-22.759720443098303,-43.74136026282148,652.8344116210938,652.8344116210938,,3343.9656228125095,1.4013519838684316
125,150,-22.759720443098303,-43.74027579778097,812.2863159179688,812.2863159179688,,3343.9656228125095,1.7436259792957969
125,152,-22.759720443098303,-43.739191332740454,884.3333740234375,884.3333740234375,,3343.9656228125095,1.8982797261123512
125,154,-22.759720443098303,-43.73810686769994,667.98193359375,667.98193359375,,3343.9656228125095,1.433867135626995
125,156,-22.759720443098303,-43.73702240265943,722.206787109375,722.206787109375,,3343.9656228125095,1.5502643486054064
125,157,-22.759720443098303,-43.736480170139174,643.0298461914062,643.0298461914062,,3343.9656228125095,1.3803058395915961
125,161,-22.759720443098303,-43.73431124005815,641.446044921875,641.446044921875,,3343.9656228125095,1.3769061060426253
126,127,-22.76026267561856,-43.752747145746866,1497.94189453125,1497.94189453125,,3343.9526485800743,3.215418280345735
126,128,-22.76026267561856,-43.752204913226606,552.9819946289062,552.9819946289062,,3343.9526485800743,1.1870076007108687
126,130,-22.76026267561856,-43.75112044818609,1064.2244873046875,1064.2244873046875,,3343.9526485800743,2.284418964022554
126,134,-22.76026267561856,-43.74895151810507,1081.3536376953125,1081.3536376953125,,3343.9526485800743,2.3211876687993453
126,135,-22.76026267561856,-43.74840928558481,1081.3536376953125,1081.3536376953125,,3343.9526485800743,2.3211876687993453
126,137,-22.76026267561856,-43.7473248205443,1062.1011962890625,1062.1011962890625,,3343.9526485800743,2.279861197949611
126,138,-22.76026267561856,-43.74678258802405,1062.1011962890625,1062.1011962890625,,3343.9526485800743,2.279861197949611
126,140,-22.76026267561856,-43.74569812298353,826.1553344726562,826.1553344726562,,3343.9526485800743,1.773389858823463
126,141,-22.76026267561856,-43.74515589046327,785.2536010742188,785.2536010742188,,3343.9526485800743,1.6855919397270624
126,142,-22.76026267561856,-43.74461365794302,991.5106201171875,991.5106201171875,,3343.9526485800743,2.1283344732670004
126,143,-22.76026267561856,-43.74407142542276,1845.324951171875,1845.324951171875,,3343.9526485800743,3.961095956284013
126,145,-22.76026267561856,-43.74298696038225,974.6690063476562,974.6690063476562,,3343.9526485800743,2.092182982356187
126,147,-22.76026267561856,-43.74190249534174,650.0321044921875,650.0321044921875,,3343.9526485800743,1.395331233625621
126,148,-22.76026267561856,-43.74136026282148,1697.126708984375,1697.126708984375,,3343.9526485800743,3.6429799206857774
126,149,-22.76026267561856,-43.74081803030123,1697.126708984375,1697.126708984375,,3343.9526485800743,3.6429799206857774
126,153,-22.76026267561856,-43.7386491002202,931.7383422851562,931.7383422851562,,3343.9526485800743,2.000029847099134
126,154,-22.76026267561856,-43.73810686769994,1581.8348388671875,1581.8348388671875,,3343.9526485800743,3.395499302042651
126,155,-22.76026267561856,-43.73756463517969,1581.8348388671875,1581.8348388671875,,3343.9526485800743,3.395499302042651
126,156,-22.76026267561856,-43.73702240265943,839.7523193359375,839.7523193359375,,3343.9526485800743,1.8025765674979406
126,157,-22.76026267561856,-43.736480170139174,643.0298461914062,643.0298461914062,,3343.9526485800743,1.3803004841511357
126,161,-22.76026267561856,-43.73431124005815,713.3057861328125,713.3057861328125,,3343.9526485800743,1.5311518241003321
127,118,-22.760804908138812,-43.75762723842917,648.7982788085938,648.7982788085938,,3343.9396739006042,1.3926773522874492
127,120,-22.760804908138812,-43.75654277338866,1071.1053466796875,1071.1053466796875,,3343.9396739006042,2.2991802027805237
127,123,-22.760804908138812,-43.75491607582789,647.8154907226562,647.8154907226562,,3343.9396739006042,1.3905677494199806
127,124,-22.760804908138812,-43.75437384330763,1050.77978515625,1050.77978515625,,3343.9396739006042,2.255550387272694
127,125,-22.760804908138812,-43.75383161078738,1050.77978515625,1050.77978515625,,3343.9396739006042,2.255550387272694
127,126,-22.760804908138812,-43.75328937826712,1163.5321044921875,1163.5321044921875,,3343.9396739006042,2.497578775272422
127,129,-22.760804908138812,-43.75166268070635,867.7919921875,867.7919921875,,3343.9396739006042,1.862758107551148
127,130,-22.760804908138812,-43.75112044818609,2089.80078125,2089.80078125,,3343.9396739006042,4.485859956632397
127,131,-22.760804908138812,-43.75057821566584,2089.80078125,2089.80078125,,3343.9396739006042,4.485859956632397
127,133,-22.760804908138812,-43.74949375062533,1453.150146484375,1453.150146484375,,3343.9396739006042,3.1192581185607975
127,134,-22.760804908138812,-43.74895151810507,1588.7095947265625,1588.7095947265625,,3343.9396739006042,3.4102431282654453
127,136,-22.760804908138812,-43.74786705306456,1218.4085693359375,1218.4085693359375,,3343.9396739006042,2.615373800718283
127,137,-22.760804908138812,-43.7473248205443,681.6629638671875,681.6629638671875,,3343.9396739006042,1.4632230119572183
127,138,-22.760804908138812,-43.74678258802405,520.436767578125,520.436767578125,,3343.9396739006042,1.1171430676954213
127,139,-22.760804908138812,-43.74624035550379,1008.8916625976562,1008.8916625976562,,3343.9396739006042,2.165635476085938
127,143,-22.760804908138812,-43.74407142542276,516.3135986328125,516.3135986328125,,3343.9396739006042,1.1082924831649932
127,144,-22.760804908138812,-43.74352919290251,885.15625,885.15625,,3343.9396739006042,1.9000313392852959
127,145,-22.760804908138812,-43.74298696038225,885.15625,885.15625,,3343.9396739006042,1.9000313392852959
127,146,-22.760804908138812,-43.742444727861994,1295.8338623046875,1295.8338623046875,,3343.9396739006042,2.7815709925631924
127,153,-22.760804908138812,-43.7386491002202,931.7383422851562,931.7383422851562,,3343.9396739006042,2.000022086897683
127,154,-22.760804908138812,-43.73810686769994,709.4055786132812,709.4055786132812,,3343.9396739006042,1.5227738962799542
127,155,-22.760804908138812,-43.73756463517969,666.0176391601562,666.0176391601562,,3343.9396739006042,1.4296395545092775
127,156,-22.760804908138812,-43.73702240265943,666.0176391601562,666.0176391601562,,3343.9396739006042,1.4296395545092775
127,157,-22.760804908138812,-43.736480170139174,1208.65771484375,1208.65771484375,,3343.9396739006042,2.594443112921674
127,161,-22.760804908138812,-43.73431124005815,782.96630859375,782.96630859375,,3343.9396739006042,1.6806756139750998
128,118,-22.76134714065907,-43.75762723842917,787.710205078125,787.710205078125,,3343.9266990423203,1.6908520599173478
128,123,-22.76134714065907,-43.75491607582789,594.901611328125,594.901611328125,,3343.9266990423203,1.2769805551301008
128,124,-22.76134714065907,-43.75437384330763,2298.806640625,2298.806640625,,3343.9266990423203,4.934482146599781
128,128,-22.76134714065907,-43.752204913226606,699.3314819335938,699.3314819335938,,3343.9266990423203,1.5011435286346095
128,129,-22.76134714065907,-43.75166268070635,1028.31884765625,1028.31884765625,,3343.9266990423203,2.2073283177015033
128,130,-22.76134714065907,-43.75112044818609,1363.8218994140625,1363.8218994140625,,3343.9266990423203,2.9274992924027776
128,131,-22.76134714065907,-43.75057821566584,1805.7530517578125,1805.7530517578125,,3343.9266990423203,3.8761225227035268
128,132,-22.76134714065907,-43.75003598314558,943.2015380859375,943.2015380859375,,3343.9266990423203,2.0246205435813094
128,133,-22.76134714065907,-43.74949375062533,1453.150146484375,1453.150146484375,,3343.9266990423203,3.119246015491967
128,134,-22.76134714065907,-43.74895151810507,833.3663940429688,833.3663940429688,,3343.9266990423203,1.788854930340393
128,135,-22.76134714065907,-43.74840928558481,833.3663940429688,833.3663940429688,,3343.9266990423203,1.788854930340393
128,136,-22.76134714065907,-43.74786705306456,1218.4085693359375,1218.4085693359375,,3343.9266990423203,2.615363652776713
128,137,-22.76134714065907,-43.7473248205443,983.7986450195312,983.7986450195312,,3343.9266990423203,2.111763888231191
128,138,-22.76134714065907,-43.74678258802405,983.7986450195312,983.7986450195312,,3343.9266990423203,2.111763888231191
128,139,-22.76134714065907,-43.74624035550379,1008.8916625976562,1008.8916625976562,,3343.9266990423203,2.1656270731791465
128,140,-22.76134714065907,-43.74569812298353,834.3095703125,834.3095703125,,3343.9266990423203,1.7908794966439918
128,141,-22.76134714065907,-43.74515589046327,834.3095703125,834.3095703125,,3343.9266990423203,1.7908794966439918
128,142,-22.76134714065907,-43.74461365794302,1326.85986328125,1326.85986328125,,3343.9266990423203,2.8481587753814104
128,143,-22.76134714065907,-43.74407142542276,637.9744262695312,637.9744262695312,,3343.9266990423203,1.369438107921222
128,144,-22.76134714065907,-43.74352919290251,620.5045776367188,620.5045776367188,,3343.9266990423203,1.3319383658119959
128,146,-22.76134714065907,-43.742444727861994,757.7013549804688,757.7013549804688,,3343.9266990423203,1.6264368401115556
128,147,-22.76134714065907,-43.74190249534174,553.3486938476562,553.3486938476562,,3343.9266990423203,1.1877855241853668
128,159,-22.76134714065907,-43.73539570509866,713.6094360351562,713.6094360351562,,3343.9266990423203,1.531791739040412
129,118,-22.761889373179326,-43.75762723842917,787.710205078125,787.710205078125,,3343.9137238562107,1.6908454990318573
129,123,-22.761889373179326,-43.75491607582789,594.901611328125,594.901611328125,,3343.9137238562107,1.276975600158939
129,124,-22.761889373179326,-43.75437384330763,2298.806640625,2298.806640625,,3343.9137238562107,4.934462999701548
129,125,-22.761889373179326,-43.75383161078738,563.0033569335938,563.0033569335938,,3343.9137238562107,1.2085049627058961
129,127,-22.761889373179326,-43.752747145746866,725.5430908203125,725.5430908203125,,3343.9137238562107,1.5574017723250335
129,128,-22.761889373179326,-43.752204913226606,764.3296508789062,764.3296508789062,,3343.9137238562107,1.6406583812596576
129,129,-22.761889373179326,-43.75166268070635,1028.31884765625,1028.31884765625,,3343.9137238562107,2.2073197527722135
129,132,-22.761889373179326,-43.75003598314558,943.2015380859375,943.2015380859375,,3343.9137238562107,2.0246126875991908
129,133,-22.761889373179326,-43.74949375062533,1878.9078369140625,1878.9078369140625,,3343.9137238562107,4.0331366010762
129,134,-22.761889373179326,-43.74895151810507,821.2649536132812,821.2649536132812,,3343.9137238562107,1.7628718548744704
129,141,-22.761889373179326,-43.74515589046327,599.0452880859375,599.0452880859375,,3343.9137238562107,1.28587013669055
129,142,-22.761889373179326,-43.74461365794302,1597.062744140625,1597.062744140625,,3343.9137238562107,3.428146969777824
129,143,-22.761889373179326,-43.74407142542276,637.9744262695312,637.9744262695312,,3343.9137238562107,1.3694327941940039
129,144,-22.761889373179326,-43.74352919290251,520.017578125,520.017578125,,3343.9137238562107,1.116234594552317
129,146,-22.761889373179326,-43.742444727861994,757.7013549804688,757.7013549804688,,3343.9137238562107,1.6264305291715755
129,148,-22.761889373179326,-43.74136026282148,1021.853759765625,1021.853759765625,,3343.9137238562107,2.1934422319654034
129,152,-22.761889373179326,-43.739191332740454,1561.770751953125,1561.770751953125,,3343.9137238562107,3.352391564100195
129,159,-22.761889373179326,-43.73539570509866,1310.17724609375,1310.17724609375,,3343.9137238562107,2.812337945109975
130,118,-22.762431605699582,-43.75762723842917,784.7894287109375,784.7894287109375,,3343.9007484018803,1.684569421151591
130,119,-22.762431605699582,-43.75708500590891,824.3291625976562,824.3291625976562,,3343.9007484018803,1.7694424127965527
130,120,-22.762431605699582,-43.75654277338866,824.3291625976562,824.3291625976562,,3343.9007484018803,1.7694424127965527
130,125,-22.762431605699582,-43.75383161078738,563.0033569335938,563.0033569335938,,3343.9007484018803,1.2085002733202699
130,132,-22.762431605699582,-43.75003598314558,883.8433837890625,883.8433837890625,,3343.9007484018803,1.897191122800676
130,141,-22.762431605699582,-43.74515589046327,1282.4052734375,1282.4052734375,,3343.9007484018803,2.7527138237638815
130,142,-22.762431605699582,-43.74461365794302,1597.062744140625,1597.062744140625,,3343.9007484018803,3.4281336674715694
130,143,-22.762431605699582,-43.74407142542276,1102.7059326171875,1102.7059326171875,,3343.9007484018803,2.366984858168327
130,146,-22.762431605699582,-43.742444727861994,1035.6617431640625,1035.6617431640625,,3343.9007484018803,2.2230728898278005
130,149,-22.762431605699582,-43.74081803030123,1231.177978515625,1231.177978515625,,3343.9007484018803,2.6427532007016534
130,150,-22.762431605699582,-43.74027579778097,1087.9595947265625,1087.9595947265625,,3343.9007484018803,2.335331488518179
130,154,-22.762431605699582,-43.73810686769994,1290.918212890625,1290.918212890625,,3343.9007484018803,2.77098705345099
130,158,-22.762431605699582,-43.735937937618914,869.19189453125,869.19189453125,,3343.9007484018803,1.8657413480265905
130,159,-22.762431605699582,-43.73539570509866,1310.17724609375,1310.17724609375,,3343.9007484018803,2.8123270323396166
130,162,-22.762431605699582,-43.733769007537894,778.0073852539062,778.0073852539062,,3343.9007484018803,1.6700116014324822
131,110,-22.76297383821984,-43.761965098591226,827.597900390625,827.597900390625,,3343.8877725303173,1.7764519437649247
131,111,-22.76297383821984,-43.761422866070966,800.6416015625,800.6416015625,,3343.8877725303173,1.7185898232504475
131,112,-22.76297383821984,-43.76088063355071,645.5421752929688,645.5421752929688,,3343.8877725303173,1.3856664589653458
131,113,-22.76297383821984,-43.76033840103045,645.5421752929688,645.5421752929688,,3343.8877725303173,1.3856664589653458
131,114,-22.76297383821984,-43.7597961685102,527.644287109375,527.644287109375,,3343.8877725303173,1.132596782821086
131,117,-22.76297383821984,-43.758169470949426,921.5139770507812,921.5139770507812,,3343.8877725303173,1.9780442832995748
131,123,-22.76297383821984,-43.75491607582789,684.6207885742188,684.6207885742188,,3343.8877725303173,1.4695493186129447
131,124,-22.76297383821984,-43.75437384330763,684.6207885742188,684.6207885742188,,3343.8877725303173,1.4695493186129447
131,130,-22.76297383821984,-43.75112044818609,1306.1273193359375,1306.1273193359375,,3343.8877725303173,2.8036228875685056
131,131,-22.76297383821984,-43.75057821566584,673.0106811523438,673.0106811523438,,3343.8877725303173,1.4446280399495084
131,132,-22.76297383821984,-43.75003598314558,883.8433837890625,883.8433837890625,,3343.8877725303173,1.8971837608272824
131,134,-22.76297383821984,-43.74895151810507,876.1676635742188,876.1676635742188,,3343.8877725303173,1.880707706345971
131,136,-22.76297383821984,-43.74786705306456,1467.0950927734375,1467.0950927734375,,3343.8877725303173,3.149142751588932
131,140,-22.76297383821984,-43.74569812298353,507.9419250488281,507.9419250488281,,3343.8877725303173,1.0903053519671666
131,141,-22.76297383821984,-43.74515589046327,507.9419250488281,507.9419250488281,,3343.8877725303173,1.0903053519671666
131,142,-22.76297383821984,-43.74461365794302,884.1151123046875,884.1151123046875,,3343.8877725303173,1.897767030371019
131,145,-22.76297383821984,-43.74298696038225,697.4013671875,697.4013671875,,3343.8877725303173,1.4969830321461561
131,148,-22.76297383821984,-43.74136026282148,522.2333374023438,522.2333374023438,,3343.8877725303173,1.1209820939484667
131,149,-22.76297383821984,-43.74081803030123,1231.177978515625,1231.177978515625,,3343.8877725303173,2.6427429456047817
131,150,-22.76297383821984,-43.74027579778097,500.501953125,500.501953125,,3343.8877725303173,1.0743353349100877
131,153,-22.76297383821984,-43.7386491002202,965.3114013671875,965.3114013671875,,3343.8877725303173,2.0720561452461235
131,156,-22.76297383821984,-43.73702240265943,986.592529296875,986.592529296875,,3343.8877725303173,2.1177364219340653
131,157,-22.76297383821984,-43.736480170139174,785.9722290039062,785.9722290039062,,3343.8877725303173,1.687101783728808
131,158,-22.76297383821984,-43.735937937618914,785.9722290039062,785.9722290039062,,3343.8877725303173,1.687101783728808
132,111,-22.763516070740096,-43.761422866070966,1049.949462890625,1049.949462890625,,3343.8747965097427,2.2537243333283126
132,112,-22.763516070740096,-43.76088063355071,826.003662109375,826.003662109375,,3343.8747965097427,1.7730230058778749
132,129,-22.763516070740096,-43.75166268070635,971.910400390625,971.910400390625,,3343.8747965097427,2.086212905090456
132,132,-22.763516070740096,-43.75003598314558,775.3878784179688,775.3878784179688,,3343.8747965097427,1.6643758496216616
132,135,-22.763516070740096,-43.74840928558481,1070.1229248046875,1070.1229248046875,,3343.8747965097427,2.2970268194099033
132,136,-22.763516070740096,-43.74786705306456,801.2703857421875,801.2703857421875,,3343.8747965097427,1.7199328441493278
132,137,-22.763516070740096,-43.7473248205443,801.2703857421875,801.2703857421875,,3343.8747965097427,1.7199328441493278
132,139,-22.763516070740096,-43.74624035550379,1095.0555419921875,1095.0555419921875,,3343.8747965097427,2.350544867692273
132,140,-22.763516070740096,-43.74569812298353,1095.0555419921875,1095.0555419921875,,3343.8747965097427,2.350544867692273
132,141,-22.763516070740096,-43.74515589046327,1091.8023681640625,1091.8023681640625,,3343.8747965097427,2.343561905867799
132,142,-22.763516070740096,-43.74461365794302,972.3492431640625,972.3492431640625,,3343.8747965097427,2.087154884368467
132,143,-22.763516070740096,-43.74407142542276,972.3492431640625,972.3492431640625,,3343.8747965097427,2.087154884368467
132,144,-22.763516070740096,-43.74352919290251,1736.5035400390625,1736.5035400390625,,3343.8747965097427,3.727417767634477
132,145,-22.763516070740096,-43.74298696038225,714.476806640625,714.476806640625,,3343.8747965097427,1.5336297808958688
132,146,-22.763516070740096,-43.742444727861994,1615.8131103515625,1615.8131103515625,,3343.8747965097427,3.468354862418339
132,147,-22.763516070740096,-43.74190249534174,752.431884765625,752.431884765625,,3343.8747965097427,1.6151006384628492
132,152,-22.763516070740096,-43.739191332740454,843.9002075195312,843.9002075195312,,3343.8747965097427,1.8114380737444185
132,153,-22.763516070740096,-43.7386491002202,557.613037109375,557.613037109375,,3343.8747965097427,1.1969205325889243
132,154,-22.763516070740096,-43.73810686769994,557.613037109375,557.613037109375,,3343.8747965097427,1.1969205325889243
132,162,-22.763516070740096,-43.733769007537894,729.3150024414062,729.3150024414062,,3343.8747965097427,1.5654800785729048
133,109,-22.764058303260352,-43.76250733111148,580.8784790039062,580.8784790039062,,3343.8618201613426,1.246855138096726
133,111,-22.764058303260352,-43.761422866070966,1049.949462890625,1049.949462890625,,3343.8618201613426,2.2537155874529655
133,118,-22.764058303260352,-43.75762723842917,519.3074340820312,519.3074340820312,,3343.8618201613426,1.114692944981102
133,123,-22.764058303260352,-43.75491607582789,587.3319702148438,587.3319702148438,,3343.8618201613426,1.2607075512362484
133,127,-22.764058303260352,-43.752747145746866,1527.9765625,1527.9765625,,3343.8618201613426,3.279800331235351
133,129,-22.764058303260352,-43.75166268070635,601.8423461914062,601.8423461914062,,3343.8618201613426,1.2918540603531246
133,130,-22.764058303260352,-43.75112044818609,765.7156372070312,765.7156372070312,,3343.8618201613426,1.6436079336417888
133,132,-22.764058303260352,-43.75003598314558,1197.296875,1197.296875,,3343.8618201613426,2.5699966763803355
133,134,-22.764058303260352,-43.74895151810507,561.4765625,561.4765625,,3343.8618201613426,1.2052089415922478
133,135,-22.764058303260352,-43.74840928558481,657.7732543945312,657.7732543945312,,3343.8618201613426,1.4119097050226765
133,136,-22.764058303260352,-43.74786705306456,768.9331665039062,768.9331665039062,,3343.8618201613426,1.6505143574133576
133,137,-22.764058303260352,-43.7473248205443,1534.1578369140625,1534.1578369140625,,3343.8618201613426,3.293068431262702
133,138,-22.764058303260352,-43.74678258802405,1195.1328125,1195.1328125,,3343.8618201613426,2.5653515181504862
133,139,-22.764058303260352,-43.74624035550379,1760.8726806640625,1760.8726806640625,,3343.8618201613426,3.779711641555544
133,140,-22.764058303260352,-43.74569812298353,1930.209228515625,1930.209228515625,,3343.8618201613426,4.143192390779278
133,141,-22.764058303260352,-43.74515589046327,912.625244140625,912.625244140625,,3343.8618201613426,1.958949274149069
133,143,-22.764058303260352,-43.74407142542276,521.0081176757812,521.0081176757812,,3343.8618201613426,1.1183434608011757
133,144,-22.764058303260352,-43.74352919290251,1426.015380859375,1426.015380859375,,3343.8618201613426,3.060940745607335
133,145,-22.764058303260352,-43.74298696038225,714.476806640625,714.476806640625,,3343.8618201613426,1.53362382944267
133,146,-22.764058303260352,-43.742444727861994,594.3980712890625,594.3980712890625,,3343.8618201613426,1.2758749309019723
133,147,-22.764058303260352,-43.74190249534174,1008.665283203125,1008.665283203125,,3343.8618201613426,2.165099132504009
133,151,-22.764058303260352,-43.739733565260714,1046.0302734375,1046.0302734375,,3343.8618201613426,2.2453030507806084
133,152,-22.764058303260352,-43.739191332740454,1312.9793701171875,1312.9793701171875,,3343.8618201613426,2.818309049171383
133,154,-22.764058303260352,-43.73810686769994,641.2216796875,641.2216796875,,3343.8618201613426,1.3763817646478793
133,162,-22.764058303260352,-43.733769007537894,729.3150024414062,729.3150024414062,,3343.8618201613426,1.5654740035204138
134,115,-22.76460053578061,-43.75925393598994,1386.57373046875,1386.57373046875,,3343.8488434553146,2.976267727945433
134,116,-22.76460053578061,-43.758711703469686,1386.57373046875,1386.57373046875,,3343.8488434553146,2.976267727945433
134,118,-22.76460053578061,-43.75762723842917,908.3604125976562,908.3604125976562,,3343.8488434553146,1.9497872503639884
134,119,-22.76460053578061,-43.75708500590891,908.3604125976562,908.3604125976562,,3343.8488434553146,1.9497872503639884
134,127,-22.76460053578061,-43.752747145746866,1527.9765625,1527.9765625,,3343.8488434553146,3.279787603136219
134,128,-22.76460053578061,-43.752204913226606,1780.80078125,1780.80078125,,3343.8488434553146,3.822472457589836
134,129,-22.76460053578061,-43.75166268070635,601.8423461914062,601.8423461914062,,3343.8488434553146,1.291849046984967
134,130,-22.76460053578061,-43.75112044818609,765.7156372070312,765.7156372070312,,3343.8488434553146,1.6436015552032865
134,131,-22.76460053578061,-43.75057821566584,1503.2467041015625,1503.2467041015625,,3343.8488434553146,3.226705190098546
134,132,-22.76460053578061,-43.75003598314558,1197.296875,1197.296875,,3343.8488434553146,2.569986702854767
134,133,-22.76460053578061,-43.74949375062533,1323.9337158203125,1323.9337158203125,,3343.8488434553146,2.8418115140568663
134,135,-22.76460053578061,-43.74840928558481,657.7732543945312,657.7732543945312,,3343.8488434553146,1.4119042257480636
134,136,-22.76460053578061,-43.74786705306456,1162.7078857421875,1162.7078857421875,,3343.8488434553146,2.495741756330736
134,137,-22.76460053578061,-43.7473248205443,662.47412109375,662.47412109375,,3343.8488434553146,1.4219945927749424
134,138,-22.76460053578061,-43.74678258802405,1195.1328125,1195.1328125,,3343.8488434553146,2.5653415626516347
134,139,-22.76460053578061,-43.74624035550379,1215.736572265625,1215.736572265625,,3343.8488434553146,2.609567343017486
134,140,-22.76460053578061,-43.74569812298353,1196.36865234375,1196.36865234375,,3343.8488434553146,2.5679942814815373
134,141,-22.76460053578061,-43.74515589046327,912.625244140625,912.625244140625,,3343.8488434553146,1.9589416719483137
134,142,-22.76460053578061,-43.74461365794302,706.5531616210938,706.5531616210938,,3343.8488434553146,1.5166098468487241
134,143,-22.76460053578061,-43.74407142542276,2628.548583984375,2628.548583984375,,3343.8488434553146,5.64215529974349
134,144,-22.76460053578061,-43.74352919290251,1426.015380859375,1426.015380859375,,3343.8488434553146,3.0609288668484744
134,145,-22.76460053578061,-43.74298696038225,1412.1392822265625,1412.1392822265625,,3343.8488434553146,3.0311439490737335
134,146,-22.76460053578061,-43.742444727861994,594.3980712890625,594.3980712890625,,3343.8488434553146,1.2758699795448898
134,147,-22.76460053578061,-43.74190249534174,1008.665283203125,1008.665283203125,,3343.8488434553146,2.1650907302863116
134,151,-22.76460053578061,-43.739733565260714,988.6258544921875,988.6258544921875,,3343.8488434553146,2.1220762813260943
134,152,-22.76460053578061,-43.739191332740454,1312.9793701171875,1312.9793701171875,,3343.8488434553146,2.818298112006514
134,156,-22.76460053578061,-43.73702240265943,732.6737060546875,732.6737060546875,,3343.8488434553146,1.5726773546384383
134,162,-22.76460053578061,-43.733769007537894,890.5429077148438,890.5429077148438,,3343.8488434553146,1.9115421404142292
135,113,-22.765142768300866,-43.76033840103045,828.0845947265625,828.0845947265625,,3343.8358665406704,1.7774690493788294
135,116,-22.765142768300866,-43.758711703469686,1102.842041015625,1102.842041015625,,3343.8358665406704,2.3672310857399066
135,117,-22.765142768300866,-43.758169470949426,1218.7626953125,1218.7626953125,,3343.8358665406704,2.616052735736276
135,118,-22.765142768300866,-43.75762723842917,519.8161010742188,519.8161010742188,,3343.8358665406704,1.1157761379841828
135,125,-22.765142768300866,-43.75383161078738,800.5922241210938,800.5922241210938,,3343.8358665406704,1.7184571583758228
135,126,-22.765142768300866,-43.75328937826712,800.5922241210938,800.5922241210938,,3343.8358665406704,1.7184571583758228
135,127,-22.765142768300866,-43.752747145746866,1296.8828125,1296.8828125,,3343.8358665406704,2.7837361962412737
135,128,-22.765142768300866,-43.752204913226606,1780.80078125,1780.80078125,,3343.8358665406704,3.8224576232174896
135,129,-22.765142768300866,-43.75166268070635,1056.3194580078125,1056.3194580078125,,3343.8358665406704,2.267371177802784
135,130,-22.765142768300866,-43.75112044818609,805.662841796875,805.662841796875,,3343.8358665406704,1.7293411502256053
135,131,-22.765142768300866,-43.75057821566584,1503.2467041015625,1503.2467041015625,,3343.8358665406704,3.2266926677987064
135,133,-22.765142768300866,-43.74949375062533,1315.1888427734375,1315.1888427734375,,3343.8358665406704,2.823029768945366
135,135,-22.765142768300866,-43.74840928558481,1790.6134033203125,1790.6134033203125,,3343.8358665406704,3.843520244276141
135,137,-22.765142768300866,-43.7473248205443,662.47412109375,662.47412109375,,3343.8358665406704,1.4219890742532273
135,140,-22.765142768300866,-43.74569812298353,1196.36865234375,1196.36865234375,,3343.8358665406704,2.567984315527884
135,141,-22.765142768300866,-43.74515589046327,1028.418212890625,1028.418212890625,,3343.8358665406704,2.207481644836277
135,142,-22.765142768300866,-43.74461365794302,1325.166748046875,1325.166748046875,,3343.8358665406704,2.8444471674987413
135,143,-22.765142768300866,-43.74407142542276,1325.166748046875,1325.166748046875,,3343.8358665406704,2.8444471674987413
135,144,-22.765142768300866,-43.74352919290251,600.591796875,600.591796875,,3343.8358665406704,1.289159751376167
135,145,-22.765142768300866,-43.74298696038225,636.8482666015625,636.8482666015625,,3343.8358665406704,1.366983627329306
135,146,-22.765142768300866,-43.742444727861994,636.8482666015625,636.8482666015625,,3343.8358665406704,1.366983627329306
135,147,-22.765142768300866,-43.74190249534174,1301.437255859375,1301.437255859375,,3343.8358665406704,2.793512228979947
135,150,-22.765142768300866,-43.74027579778097,1149.3563232421875,1149.3563232421875,,3343.8358665406704,2.467073176195758
135,151,-22.765142768300866,-43.739733565260714,988.6258544921875,988.6258544921875,,3343.8358665406704,2.1220680459051584
135,153,-22.765142768300866,-43.7386491002202,838.5904541015625,838.5904541015625,,3343.8358665406704,1.800019692145412
135,155,-22.765142768300866,-43.73756463517969,630.9342041015625,630.9342041015625,,3343.8358665406704,1.3542891959671175
135,158,-22.765142768300866,-43.735937937618914,601.8505859375,601.8505859375,,3343.8358665406704,1.2918617200065932
136,111,-22.765685000821122,-43.761422866070966,651.9251098632812,651.9251098632812,,3343.8228892683983,1.3993403759898868
136,112,-22.765685000821122,-43.76088063355071,587.555419921875,587.555419921875,,3343.8228892683983,1.261172502468571
136,114,-22.765685000821122,-43.7597961685102,1095.544677734375,1095.544677734375,,3343.8228892683983,2.3515582972038644
136,116,-22.765685000821122,-43.758711703469686,576.285888671875,576.285888671875,,3343.8228892683983,1.2369827453047275
136,117,-22.765685000821122,-43.758169470949426,1218.7626953125,1218.7626953125,,3343.8228892683983,2.6160425829566587
136,118,-22.765685000821122,-43.75762723842917,1914.7027587890625,1914.7027587890625,,3343.8228892683983,4.109859917736035
136,119,-22.765685000821122,-43.75708500590891,1914.7027587890625,1914.7027587890625,,3343.8228892683983,4.109859917736035
136,125,-22.765685000821122,-43.75383161078738,1370.473388671875,1370.473388671875,,3343.8228892683983,2.9416856598611756
136,126,-22.765685000821122,-43.75328937826712,994.1646728515625,994.1646728515625,,3343.8228892683983,2.1339487405167126
136,127,-22.765685000821122,-43.752747145746866,994.1646728515625,994.1646728515625,,3343.8228892683983,2.1339487405167126
136,129,-22.765685000821122,-43.75166268070635,1370.27001953125,1370.27001953125,,3343.8228892683983,2.941249133264177
136,130,-22.765685000821122,-43.75112044818609,1370.27001953125,1370.27001953125,,3343.8228892683983,2.941249133264177
136,131,-22.765685000821122,-43.75057821566584,835.3236083984375,835.3236083984375,,3343.8228892683983,1.7930005065990409
136,132,-22.765685000821122,-43.75003598314558,1239.639892578125,1239.639892578125,,3343.8228892683983,2.6608549465691316
136,133,-22.765685000821122,-43.74949375062533,1239.639892578125,1239.639892578125,,3343.8228892683983,2.6608549465691316
136,134,-22.765685000821122,-43.74895151810507,2367.373779296875,2367.373779296875,,3343.8228892683983,5.081506547776057
136,135,-22.765685000821122,-43.74840928558481,1666.84130859375,1666.84130859375,,3343.8228892683983,3.5778317297399544
136,136,-22.765685000821122,-43.74786705306456,1666.84130859375,1666.84130859375,,3343.8228892683983,3.5778317297399544
136,137,-22.765685000821122,-43.7473248205443,1780.28955078125,1780.28955078125,,3343.8228892683983,3.821345445466199
136,140,-22.765685000821122,-43.74569812298353,1091.1634521484375,1091.1634521484375,,3343.8228892683983,2.342154109873194
136,141,-22.765685000821122,-43.74515589046327,961.3470458984375,961.3470458984375,,3343.8228892683983,2.0635065536076787
136,142,-22.765685000821122,-43.74461365794302,961.3470458984375,961.3470458984375,,3343.8228892683983,2.0635065536076787
136,143,-22.765685000821122,-43.74407142542276,1452.8714599609375,1452.8714599609375,,3343.8228892683983,3.1185509873566284
136,144,-22.765685000821122,-43.74352919290251,690.9830322265625,690.9830322265625,,3343.8228892683983,1.4831771954930963
136,145,-22.765685000821122,-43.74298696038225,1702.12890625,1702.12890625,,3343.8228892683983,3.653575644838473
136,146,-22.765685000821122,-43.742444727861994,719.3961791992188,719.3961791992188,,3343.8228892683983,1.5441652801154404
136,148,-22.765685000821122,-43.74136026282148,1274.2401123046875,1274.2401123046875,,3343.8228892683983,2.7351234227314545
136,151,-22.765685000821122,-43.739733565260714,849.9114379882812,849.9114379882812,,3343.8228892683983,1.824312905269203
136,157,-22.765685000821122,-43.736480170139174,779.6040649414062,779.6040649414062,,3343.8228892683983,1.6733999486338802
136,158,-22.765685000821122,-43.735937937618914,601.8505859375,601.8505859375,,3343.8228892683983,1.2918567063510347
137,115,-22.76622723334138,-43.75925393598994,864.2847290039062,864.2847290039062,,3343.8099116683006,1.8551576024236536
137,116,-22.76622723334138,-43.758711703469686,576.285888671875,576.285888671875,,3343.8099116683006,1.2369779444920266
137,118,-22.76622723334138,-43.75762723842917,1165.373779296875,1165.373779296875,,3343.8099116683006,2.501434948202135
137,119,-22.76622723334138,-43.75708500590891,879.7617797851562,879.7617797851562,,3343.8099116683006,1.8883785624341631
137,120,-22.76622723334138,-43.75654277338866,529.4107666015625,529.4107666015625,,3343.8099116683006,1.1363620986312535
137,128,-22.76622723334138,-43.752204913226606,604.9832153320312,604.9832153320312,,3343.8099116683006,1.2985757743925745
137,129,-22.76622723334138,-43.75166268070635,604.9832153320312,604.9832153320312,,3343.8099116683006,1.2985757743925745
137,130,-22.76622723334138,-43.75112044818609,848.6434326171875,848.6434326171875,,3343.8099116683006,1.821584094840076
137,132,-22.76622723334138,-43.75003598314558,1446.6856689453125,1446.6856689453125,,3343.8099116683006,3.105261295261316
137,133,-22.76622723334138,-43.74949375062533,1154.3599853515625,1154.3599853515625,,3343.8099116683006,2.4777942162957385
137,134,-22.76622723334138,-43.74895151810507,1496.8243408203125,1496.8243408203125,,3343.8099116683006,3.212882239127271
137,135,-22.76622723334138,-43.74840928558481,1231.7952880859375,1231.7952880859375,,3343.8099116683006,2.644006444445617
137,136,-22.76622723334138,-43.74786705306456,2044.9302978515625,2044.9302978515625,,3343.8099116683006,4.389372924427369
137,137,-22.76622723334138,-43.7473248205443,1576.7623291015625,1576.7623291015625,,3343.8099116683006,3.384466396183161
137,138,-22.76622723334138,-43.74678258802405,1018.4413452148438,1018.4413452148438,,3343.8099116683006,2.1860495052080817
137,139,-22.76622723334138,-43.74624035550379,642.6036987304688,642.6036987304688,,3343.8099116683006,1.3793268549582347
137,140,-22.76622723334138,-43.74569812298353,1038.6051025390625,1038.6051025390625,,3343.8099116683006,2.229330320474321
137,141,-22.76622723334138,-43.74515589046327,2098.34619140625,2098.34619140625,,3343.8099116683006,4.50402831251046
137,144,-22.76622723334138,-43.74352919290251,690.9830322265625,690.9830322265625,,3343.8099116683006,1.4831714391832813
137,146,-22.76622723334138,-43.742444727861994,1308.79931640625,1308.79931640625,,3343.8099116683006,2.8092929568202076
137,150,-22.76622723334138,-43.74027579778097,883.9390258789062,883.9390258789062,,3343.8099116683006,1.8973448782649962
137,151,-22.76622723334138,-43.739733565260714,699.737548828125,699.737548828125,,3343.8099116683006,1.5019627095643404
137,152,-22.76622723334138,-43.739191332740454,786.8206176757812,786.8206176757812,,3343.8099116683006,1.6888835376128732
138,116,-22.766769465861636,-43.758711703469686,728.5136108398438,728.5136108398438,,3343.7969338297844,1.5637234731294654
138,117,-22.766769465861636,-43.758169470949426,882.4180908203125,882.4180908203125,,3343.7969338297844,1.8940728919794452
138,118,-22.766769465861636,-43.75762723842917,1165.373779296875,1165.373779296875,,3343.7969338297844,2.5014252397498984
138,119,-22.766769465861636,-43.75708500590891,1180.621826171875,1180.621826171875,,3343.7969338297844,2.534154523682327
138,120,-22.766769465861636,-43.75654277338866,529.4107666015625,529.4107666015625,,3343.7969338297844,1.1363576882358657
138,121,-22.766769465861636,-43.756000540868406,531.5380249023438,531.5380249023438,,3343.7969338297844,1.1409237576803424
138,122,-22.766769465861636,-43.755458308348146,557.9412841796875,557.9412841796875,,3343.7969338297844,1.1975972304676372
138,124,-22.766769465861636,-43.75437384330763,1032.756591796875,1032.756591796875,,3343.7969338297844,2.2167680886019685
138,125,-22.766769465861636,-43.75383161078738,867.44287109375,867.44287109375,,3343.7969338297844,1.8619292199144835
138,127,-22.766769465861636,-43.752747145746866,1132.243408203125,1132.243408203125,,3343.7969338297844,2.4303123076345146
138,129,-22.766769465861636,-43.75166268070635,1080.7900390625,1080.7900390625,,3343.7969338297844,2.3198698397113193
138,130,-22.766769465861636,-43.75112044818609,1460.4390869140625,1460.4390869140625,,3343.7969338297844,3.1347703698364198
138,131,-22.766769465861636,-43.75057821566584,1398.4981689453125,1398.4981689453125,,3343.7969338297844,3.001816824516572
138,132,-22.766769465861636,-43.75003598314558,1446.6856689453125,1446.6856689453125,,3343.7969338297844,3.105249243266524
138,133,-22.766769465861636,-43.74949375062533,2301.2060546875,2301.2060546875,,3343.7969338297844,4.939440898124241
138,134,-22.766769465861636,-43.74895151810507,1496.8243408203125,1496.8243408203125,,3343.7969338297844,3.212869769439109
138,135,-22.766769465861636,-43.74840928558481,1231.7952880859375,1231.7952880859375,,3343.7969338297844,2.643996182651562
138,136,-22.766769465861636,-43.74786705306456,1444.3751220703125,1444.3751220703125,,3343.7969338297844,3.100289752694978
138,137,-22.766769465861636,-43.7473248205443,1576.7623291015625,1576.7623291015625,,3343.7969338297844,3.3844532605506004
138,138,-22.766769465861636,-43.74678258802405,644.3621826171875,644.3621826171875,,3343.7969338297844,1.3830960124325566
138,139,-22.766769465861636,-43.74624035550379,1357.9019775390625,1357.9019775390625,,3343.7969338297844,2.9146788267124855
138,140,-22.766769465861636,-43.74569812298353,1038.6051025390625,1038.6051025390625,,3343.7969338297844,2.229321668101829
138,141,-22.766769465861636,-43.74515589046327,583.6026611328125,583.6026611328125,,3343.7969338297844,1.2526782844072686
138,144,-22.766769465861636,-43.74352919290251,1863.7677001953125,1863.7677001953125,,3343.7969338297844,4.000498079776625
138,146,-22.766769465861636,-43.742444727861994,1308.79931640625,1308.79931640625,,3343.7969338297844,2.8092820535238774
138,147,-22.766769465861636,-43.74190249534174,816.2578125,816.2578125,,3343.7969338297844,1.7520626691656467
138,151,-22.766769465861636,-43.739733565260714,699.737548828125,699.737548828125,,3343.7969338297844,1.501956880216974
138,152,-22.766769465861636,-43.739191332740454,1352.0064697265625,1352.0064697265625,,3343.7969338297844,2.902024370000556
138,153,-22.766769465861636,-43.7386491002202,534.083984375,534.083984375,,3343.7969338297844,1.146388551377799
138,155,-22.766769465861636,-43.73756463517969,574.4378051757812,574.4378051757812,,3343.7969338297844,1.233006310988215
138,160,-22.766769465861636,-43.73485347257841,670.9490966796875,670.9490966796875,,3343.7969338297844,1.440163692403119
139,114,-22.767311698381892,-43.7597961685102,976.76025390625,976.76025390625,,3343.7839556634426,2.0965661941612836
139,115,-22.767311698381892,-43.75925393598994,1221.253662109375,1221.253662109375,,3343.7839556634426,2.621358856725076
139,116,-22.767311698381892,-43.758711703469686,728.5136108398438,728.5136108398438,,3343.7839556634426,1.563717403902252
139,117,-22.767311698381892,-43.758169470949426,1479.904052734375,1479.904052734375,,3343.7839556634426,3.1765387618474583
139,118,-22.767311698381892,-43.75762723842917,1094.9957275390625,1094.9957275390625,,3343.7839556634426,2.350352623305845
139,119,-22.767311698381892,-43.75708500590891,1094.9957275390625,1094.9957275390625,,3343.7839556634426,2.350352623305845
139,123,-22.767311698381892,-43.75491607582789,530.0357666015625,530.0357666015625,,3343.7839556634426,1.1376948084333651
139,124,-22.767311698381892,-43.75437384330763,1032.756591796875,1032.756591796875,,3343.7839556634426,2.216759484734699
139,125,-22.767311698381892,-43.75383161078738,733.7953491210938,733.7953491210938,,3343.7839556634426,1.5750543864244124
139,127,-22.767311698381892,-43.752747145746866,1132.243408203125,1132.243408203125,,3343.7839556634426,2.430302874945265
139,128,-22.767311698381892,-43.752204913226606,1567.020751953125,1567.020751953125,,3343.7839556634426,3.3635303248215984
139,129,-22.767311698381892,-43.75166268070635,1692.1712646484375,1692.1712646484375,,3343.7839556634426,3.632159533524155
139,130,-22.767311698381892,-43.75112044818609,1460.4390869140625,1460.4390869140625,,3343.7839556634426,3.134758202957836
139,131,-22.767311698381892,-43.75057821566584,896.0535278320312,896.0535278320312,,3343.7839556634426,1.9233333124465013
139,132,-22.767311698381892,-43.75003598314558,1959.10986328125,1959.10986328125,,3343.7839556634426,4.205129655488248
139,133,-22.767311698381892,-43.74949375062533,2301.2060546875,2301.2060546875,,3343.7839556634426,4.939421726838759
139,134,-22.767311698381892,-43.74895151810507,1384.1597900390625,1384.1597900390625,,3343.7839556634426,2.9710285727820085
139,135,-22.767311698381892,-43.74840928558481,1128.81884765625,1128.81884765625,,3343.7839556634426,2.4229522299495017
139,136,-22.767311698381892,-43.74786705306456,1444.3751220703125,1444.3751220703125,,3343.7839556634426,3.1002777196448514
139,137,-22.767311698381892,-43.7473248205443,2376.01171875,2376.01171875,,3343.7839556634426,5.099988279150865
139,138,-22.767311698381892,-43.74678258802405,1523.45849609375,1523.45849609375,,3343.7839556634426,3.2700261587676267
139,139,-22.767311698381892,-43.74624035550379,1357.9019775390625,1357.9019775390625,,3343.7839556634426,2.9146675140677902
139,140,-22.767311698381892,-43.74569812298353,606.153076171875,606.153076171875,,3343.7839556634426,1.3010767411004815
139,143,-22.767311698381892,-43.74407142542276,882.3919677734375,882.3919677734375,,3343.7839556634426,1.8940094687870102
139,144,-22.767311698381892,-43.74352919290251,1443.547119140625,1443.547119140625,,3343.7839556634426,3.098500453479375
139,145,-22.767311698381892,-43.74298696038225,1443.547119140625,1443.547119140625,,3343.7839556634426,3.098500453479375
139,147,-22.767311698381892,-43.74190249534174,816.2578125,816.2578125,,3343.7839556634426,1.7520558689438595
139,152,-22.767311698381892,-43.739191332740454,1173.3677978515625,1173.3677978515625,,3343.7839556634426,2.518574285199337
139,153,-22.767311698381892,-43.7386491002202,534.083984375,534.083984375,,3343.7839556634426,1.1463841019385517
139,154,-22.767311698381892,-43.73810686769994,792.4041748046875,792.4041748046875,,3343.7839556634426,1.7008552491400117
139,155,-22.767311698381892,-43.73756463517969,620.57861328125,620.57861328125,,3343.7839556634426,1.332040422633573
139,156,-22.767311698381892,-43.73702240265943,620.57861328125,620.57861328125,,3343.7839556634426,1.332040422633573
140,109,-22.767853930902145,-43.76250733111148,916.7332763671875,916.7332763671875,,3343.7709772884846,1.9677137032308123
140,112,-22.767853930902145,-43.76088063355071,839.5247802734375,839.5247802734375,,3343.7709772884846,1.801990237435443
140,113,-22.767853930902145,-43.76033840103045,678.2763671875,678.2763671875,,3343.7709772884846,1.455880065335249
140,114,-22.767853930902145,-43.7597961685102,590.7391967773438,590.7391967773438,,3343.7709772884846,1.2679867116209644
140,115,-22.767853930902145,-43.75925393598994,590.7391967773438,590.7391967773438,,3343.7709772884846,1.2679867116209644
140,121,-22.767853930902145,-43.756000540868406,814.8193359375,814.8193359375,,3343.7709772884846,1.7489614638352593
140,123,-22.767853930902145,-43.75491607582789,530.0357666015625,530.0357666015625,,3343.7709772884846,1.137690392648731
140,124,-22.767853930902145,-43.75437384330763,575.9744873046875,575.9744873046875,,3343.7709772884846,1.2362951368712214
140,127,-22.767853930902145,-43.752747145746866,843.4468994140625,843.4468994140625,,3343.7709772884846,1.8104088339647353
140,128,-22.767853930902145,-43.752204913226606,640.8029174804688,640.8029174804688,,3343.7709772884846,1.3754455241259895
140,129,-22.767853930902145,-43.75166268070635,640.8029174804688,640.8029174804688,,3343.7709772884846,1.3754455241259895
140,130,-22.767853930902145,-43.75112044818609,1736.5152587890625,1736.5152587890625,,3343.7709772884846,3.7273271939350994
140,131,-22.767853930902145,-43.75057821566584,2343.845703125,2343.845703125,,3343.7709772884846,5.030926036168483
140,132,-22.767853930902145,-43.75003598314558,2343.845703125,2343.845703125,,3343.7709772884846,5.030926036168483
140,133,-22.767853930902145,-43.74949375062533,2520.312255859375,2520.312255859375,,3343.7709772884846,5.409701044045748
140,134,-22.767853930902145,-43.74895151810507,970.7246704101562,970.7246704101562,,3343.7709772884846,2.083603034024921
140,135,-22.767853930902145,-43.74840928558481,970.7246704101562,970.7246704101562,,3343.7709772884846,2.083603034024921
140,136,-22.767853930902145,-43.74786705306456,777.7015380859375,777.7015380859375,,3343.7709772884846,1.6692903082776678
140,137,-22.767853930902145,-43.7473248205443,1521.815673828125,1521.815673828125,,3343.7709772884846,3.266487245940902
140,138,-22.767853930902145,-43.74678258802405,1521.815673828125,1521.815673828125,,3343.7709772884846,3.266487245940902
140,143,-22.767853930902145,-43.74407142542276,1749.518310546875,1749.518310546875,,3343.7709772884846,3.7552374746975254
140,144,-22.767853930902145,-43.74352919290251,821.9925537109375,821.9925537109375,,3343.7709772884846,1.7643583511010799
140,145,-22.767853930902145,-43.74298696038225,770.1412963867188,770.1412963867188,,3343.7709772884846,1.6530626970686129
140,146,-22.767853930902145,-43.742444727861994,555.3628540039062,555.3628540039062,,3343.7709772884846,1.1920534862870542
140,150,-22.767853930902145,-43.74027579778097,815.6080932617188,815.6080932617188,,3343.7709772884846,1.7506544847339218
140,153,-22.767853930902145,-43.7386491002202,762.5746459960938,762.5746459960938,,3343.7709772884846,1.636821329982876
140,159,-22.767853930902145,-43.73539570509866,762.9366455078125,762.9366455078125,,3343.7709772884846,1.637598340502877
141,109,-22.768396163422402,-43.76250733111148,916.7332763671875,916.7332763671875,,3343.757998496294,1.9677060655823555
141,110,-22.768396163422402,-43.761965098591226,528.3683471679688,528.3683471679688,,3343.757998496294,1.1341069735181142
141,111,-22.768396163422402,-43.761422866070966,528.3683471679688,528.3683471679688,,3343.757998496294,1.1341069735181142
141,112,-22.768396163422402,-43.76088063355071,839.5247802734375,839.5247802734375,,3343.757998496294,1.8019832430398999
141,113,-22.768396163422402,-43.76033840103045,783.7113647460938,783.7113647460938,,3343.757998496294,1.6821835160034464
141,114,-22.768396163422402,-43.7597961685102,697.1608276367188,697.1608276367188,,3343.757998496294,1.4964086333413777
141,115,-22.768396163422402,-43.75925393598994,810.4118041992188,810.4118041992188,,3343.757998496294,1.7394942060591487
141,119,-22.768396163422402,-43.75708500590891,965.8876953125,965.8876953125,,3343.757998496294,2.0732127061748664
141,123,-22.768396163422402,-43.75491607582789,723.1873168945312,723.1873168945312,,3343.757998496294,1.5522727348184786
141,124,-22.768396163422402,-43.75437384330763,1518.0245361328125,1518.0245361328125,,3343.757998496294,3.25833714609805
141,125,-22.768396163422402,-43.75383161078738,1518.0245361328125,1518.0245361328125,,3343.757998496294,3.25833714609805
141,126,-22.768396163422402,-43.75328937826712,1110.4931640625,1110.4931640625,,3343.757998496294,2.3835985788283915
141,127,-22.768396163422402,-43.752747145746866,1767.0341796875,1767.0341796875,,3343.757998496294,3.7928195289703437
141,128,-22.768396163422402,-43.752204913226606,1767.0341796875,1767.0341796875,,3343.757998496294,3.7928195289703437
141,129,-22.768396163422402,-43.75166268070635,939.9528198242188,939.9528198242188,,3343.757998496294,2.0175452474668725
141,130,-22.768396163422402,-43.75112044818609,1935.5821533203125,1935.5821533203125,,3343.757998496294,4.154596371383185
141,131,-22.768396163422402,-43.75057821566584,1935.5821533203125,1935.5821533203125,,3343.757998496294,4.154596371383185
141,132,-22.768396163422402,-43.75003598314558,3101.789794921875,3101.789794921875,,3343.757998496294,6.657782313538022
141,133,-22.768396163422402,-43.74949375062533,1471.03173828125,1471.03173828125,,3343.757998496294,3.157470279196878
141,134,-22.768396163422402,-43.74895151810507,1471.03173828125,1471.03173828125,,3343.757998496294,3.157470279196878
141,135,-22.768396163422402,-43.74840928558481,787.1575317382812,787.1575317382812,,3343.757998496294,1.6895804807131916
141,136,-22.768396163422402,-43.74786705306456,653.0650634765625,653.0650634765625,,3343.757998496294,1.401760053605875
141,137,-22.768396163422402,-43.7473248205443,821.929931640625,821.929931640625,,3343.757998496294,1.7642170887283797
141,138,-22.768396163422402,-43.74678258802405,1451.78369140625,1451.78369140625,,3343.757998496294,3.116155646508252
141,140,-22.768396163422402,-43.74569812298353,1632.7728271484375,1632.7728271484375,,3343.757998496294,3.504636603167411
141,141,-22.768396163422402,-43.74515589046327,776.6104125976562,776.6104125976562,,3343.757998496294,1.6669418017839506
141,142,-22.768396163422402,-43.74461365794302,804.7691040039062,804.7691040039062,,3343.757998496294,1.727382531173103
141,143,-22.768396163422402,-43.74407142542276,1749.518310546875,1749.518310546875,,3343.757998496294,3.755222898804876
141,144,-22.768396163422402,-43.74352919290251,856.5906372070312,856.5906372070312,,3343.757998496294,1.8386139523948233
141,145,-22.768396163422402,-43.74298696038225,856.5906372070312,856.5906372070312,,3343.757998496294,1.8386139523948233
141,146,-22.768396163422402,-43.742444727861994,555.3628540039062,555.3628540039062,,3343.757998496294,1.192048859351004
141,147,-22.768396163422402,-43.74190249534174,791.9693603515625,791.9693603515625,,3343.757998496294,1.6999087458618254
141,148,-22.768396163422402,-43.74136026282148,791.9693603515625,791.9693603515625,,3343.757998496294,1.6999087458618254
141,151,-22.768396163422402,-43.739733565260714,1061.9354248046875,1061.9354248046875,,3343.757998496294,2.2793726708879736
141,155,-22.768396163422402,-43.73756463517969,1876.288330078125,1876.288330078125,,3343.757998496294,4.027326184238273
142,110,-22.76893839594266,-43.761965098591226,610.2034912109375,610.2034912109375,,3343.7450194358826,1.30975549948107
142,112,-22.76893839594266,-43.76088063355071,784.1332397460938,784.1332397460938,,3343.7450194358826,1.6830825091564898
142,113,-22.76893839594266,-43.76033840103045,783.7113647460938,783.7113647460938,,3343.7450194358826,1.682176986475446
142,119,-22.76893839594266,-43.75708500590891,965.8876953125,965.8876953125,,3343.7450194358826,2.0732046588362216
142,124,-22.76893839594266,-43.75437384330763,1350.681640625,1350.681640625,,3343.7450194358826,2.8991356692273853
142,125,-22.76893839594266,-43.75383161078738,1889.152587890625,1889.152587890625,,3343.7450194358826,4.054922705273914
142,126,-22.76893839594266,-43.75328937826712,1544.4735107421875,1544.4735107421875,,3343.7450194358826,3.3150952159959663
142,128,-22.76893839594266,-43.752204913226606,2309.444580078125,2309.444580078125,,3343.7450194358826,4.95704758014642
142,129,-22.76893839594266,-43.75166268070635,2377.888916015625,2377.888916015625,,3343.7450194358826,5.10395815455918
142,130,-22.76893839594266,-43.75112044818609,2376.091064453125,2376.091064453125,,3343.7450194358826,5.100099202578158
142,131,-22.76893839594266,-43.75057821566584,1384.0001220703125,1384.0001220703125,,3343.7450194358826,2.9706512618713328
142,132,-22.76893839594266,-43.75003598314558,794.767822265625,794.767822265625,,3343.7450194358826,1.705908833719137
142,133,-22.76893839594266,-43.74949375062533,866.2840576171875,866.2840576171875,,3343.7450194358826,1.8594130071679116
142,134,-22.76893839594266,-43.74895151810507,804.1078491210938,804.1078491210938,,3343.7450194358826,1.72595649276313
142,136,-22.76893839594266,-43.74786705306456,653.0650634765625,653.0650634765625,,3343.7450194358826,1.4017546125636626
142,137,-22.76893839594266,-43.7473248205443,980.8060302734375,980.8060302734375,,3343.7450194358826,2.1052257330182345
142,138,-22.76893839594266,-43.74678258802405,1617.3367919921875,1617.3367919921875,,3343.7450194358826,3.4714907212691966
142,140,-22.76893839594266,-43.74569812298353,1028.6944580078125,1028.6944580078125,,3343.7450194358826,2.2080146099912725
142,142,-22.76893839594266,-43.74461365794302,804.7691040039062,804.7691040039062,,3343.7450194358826,1.7273758262015602
142,143,-22.76893839594266,-43.74407142542276,667.98291015625,667.98291015625,,3343.7450194358826,1.4337746386870167
142,145,-22.76893839594266,-43.74298696038225,608.30908203125,608.30908203125,,3343.7450194358826,1.3056892939003069
142,146,-22.76893839594266,-43.742444727861994,1018.5722045898438,1018.5722045898438,,3343.7450194358826,2.186287960976178
142,147,-22.76893839594266,-43.74190249534174,1274.5328369140625,1274.5328369140625,,3343.7450194358826,2.7356880392549967
142,148,-22.76893839594266,-43.74136026282148,1303.550048828125,1303.550048828125,,3343.7450194358826,2.797971283175201
142,151,-22.76893839594266,-43.739733565260714,516.1251220703125,516.1251220703125,,3343.7450194358826,1.1078234175789876
142,152,-22.76893839594266,-43.739191332740454,942.1754150390625,942.1754150390625,,3343.7450194358826,2.0223080482125453
142,160,-22.76893839594266,-43.73485347257841,673.5244750976562,673.5244750976562,,3343.7450194358826,1.4456691874109755
143,106,-22.769480628462915,-43.764134028672245,985.8018188476562,985.8018188476562,,3343.732040166855,2.115940600790413
143,107,-22.769480628462915,-43.76359179615199,985.8018188476562,985.8018188476562,,3343.732040166855,2.115940600790413
143,108,-22.769480628462915,-43.76304956363174,501.6773376464844,501.6773376464844,,3343.732040166855,1.076808164610094
143,111,-22.769480628462915,-43.761422866070966,1000.0975952148438,1000.0975952148438,,3343.732040166855,2.1466252810748454
143,112,-22.769480628462915,-43.76088063355071,784.1332397460938,784.1332397460938,,3343.732040166855,1.6830759760086107
143,121,-22.769480628462915,-43.756000540868406,638.1302490234375,638.1302490234375,,3343.732040166855,1.3696928497043606
143,122,-22.769480628462915,-43.755458308348146,1037.8448486328125,1037.8448486328125,,3343.732040166855,2.2276465822616998
143,124,-22.769480628462915,-43.75437384330763,1060.5064697265625,1060.5064697265625,,3343.732040166855,2.2762878438573066
143,125,-22.769480628462915,-43.75383161078738,840.4274291992188,840.4274291992188,,3343.732040166855,1.8039067137644946
143,126,-22.769480628462915,-43.75328937826712,1544.4735107421875,1544.4735107421875,,3343.732040166855,3.31508234793563
143,128,-22.769480628462915,-43.752204913226606,1417.9140625,1417.9140625,,3343.732040166855,3.0434331484420536
143,129,-22.769480628462915,-43.75166268070635,2377.888916015625,2377.888916015625,,3343.732040166855,5.10393834274769
143,132,-22.769480628462915,-43.75003598314558,794.767822265625,794.767822265625,,3343.732040166855,1.7059022119673106
143,133,-22.769480628462915,-43.74949375062533,1321.677978515625,1321.677978515625,,3343.732040166855,2.8368704971358847
143,134,-22.769480628462915,-43.74895151810507,1910.4449462890625,1910.4449462890625,,3343.732040166855,4.100609219967963
143,136,-22.769480628462915,-43.74786705306456,2078.709228515625,2078.709228515625,,3343.732040166855,4.4617743341105065
143,137,-22.769480628462915,-43.7473248205443,728.1156616210938,728.1156616210938,,3343.732040166855,1.562838961178195
143,138,-22.769480628462915,-43.74678258802405,1617.3367919921875,1617.3367919921875,,3343.732040166855,3.4714772461352563
143,139,-22.769480628462915,-43.74624035550379,1045.951904296875,1045.951904296875,,3343.732040166855,2.2450476946399562
143,142,-22.769480628462915,-43.74461365794302,558.3216552734375,558.3216552734375,,3343.732040166855,1.1983904230107154
143,143,-22.769480628462915,-43.74407142542276,683.383544921875,683.383544921875,,3343.732040166855,1.4668252390754983
143,144,-22.769480628462915,-43.74352919290251,1567.1971435546875,1567.1971435546875,,3343.732040166855,3.3638567124642194
143,146,-22.769480628462915,-43.742444727861994,1018.5722045898438,1018.5722045898438,,3343.732040166855,2.1862794745576704
143,148,-22.769480628462915,-43.74136026282148,586.3951416015625,586.3951416015625,,3343.732040166855,1.2586477976591526
143,150,-22.769480628462915,-43.74027579778097,804.8071899414062,804.8071899414062,,3343.732040166855,1.7274508693802986
143,151,-22.769480628462915,-43.739733565260714,737.98193359375,737.98193359375,,3343.732040166855,1.5840160832388817
143,152,-22.769480628462915,-43.739191332740454,942.1754150390625,942.1754150390625,,3343.732040166855,2.022300198307704
143,159,-22.769480628462915,-43.73539570509866,1892.177001953125,1892.177001953125,,3343.732040166855,4.061398615590531
143,160,-22.769480628462915,-43.73485347257841,673.5244750976562,673.5244750976562,,3343.732040166855,1.44566357582002
144,108,-22.770022860983172,-43.76304956363174,501.6773376464844,501.6773376464844,,3343.719060510397,1.0768039846698716
144,110,-22.770022860983172,-43.761965098591226,1477.10546875,1477.10546875,,3343.719060510397,3.1704702109714775
144,111,-22.770022860983172,-43.761422866070966,1477.10546875,1477.10546875,,3343.719060510397,3.1704702109714775
144,112,-22.770022860983172,-43.76088063355071,951.9639892578125,951.9639892578125,,3343.719060510397,2.043302616984821
144,113,-22.770022860983172,-43.76033840103045,918.5513305664062,918.5513305664062,,3343.719060510397,1.9715854368026184
144,114,-22.770022860983172,-43.7597961685102,918.5513305664062,918.5513305664062,,3343.719060510397,1.9715854368026184
144,115,-22.770022860983172,-43.75925393598994,810.5001220703125,810.5001220703125,,3343.719060510397,1.739663515826836
144,117,-22.770022860983172,-43.758169470949426,641.4391479492188,641.4391479492188,,3343.719060510397,1.3767897782173344
144,118,-22.770022860983172,-43.75762723842917,927.2371826171875,927.2371826171875,,3343.719060510397,1.9902288145210774
144,120,-22.770022860983172,-43.75654277338866,1729.3138427734375,1729.3138427734375,,3343.719060510397,3.7118121487787614
144,121,-22.770022860983172,-43.756000540868406,1265.4913330078125,1265.4913330078125,,3343.719060510397,2.7162600494189357
144,122,-22.770022860983172,-43.755458308348146,1037.8448486328125,1037.8448486328125,,3343.719060510397,2.227637935011561
144,124,-22.770022860983172,-43.75437384330763,541.7328491210938,541.7328491210938,,3343.719060510397,1.1627794336829638
144,125,-22.770022860983172,-43.75383161078738,840.4274291992188,840.4274291992188,,3343.719060510397,1.8038997113823825
144,127,-22.770022860983172,-43.752747145746866,872.7982177734375,872.7982177734375,,3343.719060510397,1.873380613763082
144,128,-22.770022860983172,-43.752204913226606,1417.9140625,1417.9140625,,3343.719060510397,3.04342133448201
144,129,-22.770022860983172,-43.75166268070635,1738.30126953125,1738.30126953125,,3343.719060510397,3.7311028287009242
144,136,-22.770022860983172,-43.74786705306456,1555.375,1555.375,,3343.719060510397,3.3384685174599262
144,137,-22.770022860983172,-43.7473248205443,1555.375,1555.375,,3343.719060510397,3.3384685174599262
144,138,-22.770022860983172,-43.74678258802405,1330.965087890625,1330.965087890625,,3343.719060510397,2.8567934059382045
144,142,-22.770022860983172,-43.74461365794302,558.3216552734375,558.3216552734375,,3343.719060510397,1.1983857711140302
144,143,-22.770022860983172,-43.74407142542276,856.0119018554688,856.0119018554688,,3343.719060510397,1.837350339895831
144,144,-22.770022860983172,-43.74352919290251,1125.0283203125,1125.0283203125,,3343.719060510397,2.4147691898185983
144,149,-22.770022860983172,-43.74081803030123,582.7042236328125,582.7042236328125,,3343.719060510397,1.2507206979597028
144,150,-22.770022860983172,-43.74027579778097,637.7613525390625,637.7613525390625,,3343.719060510397,1.3688957306786602
144,151,-22.770022860983172,-43.739733565260714,637.7613525390625,637.7613525390625,,3343.719060510397,1.3688957306786602
144,152,-22.770022860983172,-43.739191332740454,774.2783813476562,774.2783813476562,,3343.719060510397,1.6619169009910673
144,158,-22.770022860983172,-43.735937937618914,993.0128173828125,993.0128173828125,,3343.719060510397,2.1314101282756264
144,159,-22.770022860983172,-43.73539570509866,1892.177001953125,1892.177001953125,,3343.719060510397,4.061382850105098
145,108,-22.77056509350343,-43.76304956363174,1067.2373046875,1067.2373046875,,3343.706080555916,2.290717229876295
145,109,-22.77056509350343,-43.76250733111148,1486.2947998046875,1486.2947998046875,,3343.706080555916,3.1901818757966556
145,110,-22.77056509350343,-43.761965098591226,1486.2947998046875,1486.2947998046875,,3343.706080555916,3.1901818757966556
145,111,-22.77056509350343,-43.761422866070966,1754.68994140625,1754.68994140625,,3343.706080555916,3.7662649761356315
145,112,-22.77056509350343,-43.76088063355071,613.0374145507812,613.0374145507812,,3343.706080555916,1.3158229776099197
145,113,-22.77056509350343,-43.76033840103045,738.8229370117188,738.8229370117188,,3343.706080555916,1.5858089144814123
145,117,-22.77056509350343,-43.758169470949426,1346.339111328125,1346.339111328125,,3343.706080555916,2.8897811068164745
145,118,-22.77056509350343,-43.75762723842917,1346.339111328125,1346.339111328125,,3343.706080555916,2.8897811068164745
145,119,-22.77056509350343,-43.75708500590891,1138.832763671875,1138.832763671875,,3343.706080555916,2.4443896612615825
145,122,-22.77056509350343,-43.755458308348146,574.072509765625,574.072509765625,,3343.706080555916,1.2321887396013613
145,123,-22.77056509350343,-43.75491607582789,1784.15771484375,1784.15771484375,,3343.706080555916,3.82951457961453
145,124,-22.77056509350343,-43.75437384330763,1784.15771484375,1784.15771484375,,3343.706080555916,3.82951457961453
145,125,-22.77056509350343,-43.75383161078738,1557.147705078125,1557.147705078125,,3343.706080555916,3.342260490537527
145,126,-22.77056509350343,-43.75328937826712,1292.8245849609375,1292.8245849609375,,3343.706080555916,2.7749175735989207
145,127,-22.77056509350343,-43.752747145746866,1292.8245849609375,1292.8245849609375,,3343.706080555916,2.7749175735989207
145,128,-22.77056509350343,-43.752204913226606,1174.1314697265625,1174.1314697265625,,3343.706080555916,2.520154773478577
145,132,-22.77056509350343,-43.75003598314558,1218.3167724609375,1218.3167724609375,,3343.706080555916,2.6149940691407263
145,133,-22.77056509350343,-43.74949375062533,1218.3167724609375,1218.3167724609375,,3343.706080555916,2.6149940691407263
145,134,-22.77056509350343,-43.74895151810507,617.2611694335938,617.2611694335938,,3343.706080555916,1.3248888414457662
145,137,-22.77056509350343,-43.7473248205443,779.5780029296875,779.5780029296875,,3343.706080555916,1.6732855528007329
145,139,-22.77056509350343,-43.74624035550379,702.890625,702.890625,,3343.706080555916,1.508683830984976
145,142,-22.77056509350343,-43.74461365794302,1134.8255615234375,1134.8255615234375,,3343.706080555916,2.435788606027938
145,143,-22.77056509350343,-43.74407142542276,2100.858154296875,2100.858154296875,,3343.706080555916,4.509280129580096
145,144,-22.77056509350343,-43.74352919290251,2100.858154296875,2100.858154296875,,3343.706080555916,4.509280129580096
145,145,-22.77056509350343,-43.74298696038225,1408.5845947265625,1408.5845947265625,,3343.706080555916,3.0233847586720763
145,146,-22.77056509350343,-43.742444727861994,991.5955200195312,991.5955200195312,,3343.706080555916,2.128359768535262
145,147,-22.77056509350343,-43.74190249534174,991.5955200195312,991.5955200195312,,3343.706080555916,2.128359768535262
145,151,-22.77056509350343,-43.739733565260714,847.339111328125,847.339111328125,,3343.706080555916,1.818727937396975
145,153,-22.77056509350343,-43.7386491002202,1449.0853271484375,1449.0853271484375,,3343.706080555916,3.1103154957948425
145,157,-22.77056509350343,-43.736480170139174,971.3299560546875,971.3299560546875,,3343.706080555916,2.084861779528009
145,158,-22.77056509350343,-43.735937937618914,971.3299560546875,971.3299560546875,,3343.706080555916,2.084861779528009
146,101,-22.771107326023685,-43.76684519127353,511.6415710449219,511.6415710449219,,3343.693100333214,1.0981827634545887
146,102,-22.771107326023685,-43.76630295875327,500.8109436035156,500.8109436035156,,3343.693100333214,1.0749360043039209
146,103,-22.771107326023685,-43.76576072623302,989.93115234375,989.93115234375,,3343.693100333214,2.1247791227957036
146,105,-22.771107326023685,-43.764676261192506,875.4505004882812,875.4505004882812,,3343.693100333214,1.8790589043233012
146,108,-22.771107326023685,-43.76304956363174,886.5872802734375,886.5872802734375,,3343.693100333214,1.9029627860494682
146,112,-22.771107326023685,-43.76088063355071,613.0374145507812,613.0374145507812,,3343.693100333214,1.3158178696025546
146,113,-22.771107326023685,-43.76033840103045,964.50341796875,964.50341796875,,3343.693100333214,2.070201267545793
146,114,-22.771107326023685,-43.7597961685102,874.503173828125,874.503173828125,,3343.693100333214,1.8770255710907808
146,117,-22.771107326023685,-43.758169470949426,507.4024658203125,507.4024658203125,,3343.693100333214,1.0890839869798217
146,121,-22.771107326023685,-43.756000540868406,1169.0411376953125,1169.0411376953125,,3343.693100333214,2.509219148405781
146,123,-22.771107326023685,-43.75491607582789,971.3222045898438,971.3222045898438,,3343.693100333214,2.0848370484493395
146,124,-22.771107326023685,-43.75437384330763,1577.2261962890625,1577.2261962890625,,3343.693100333214,3.385343804836406
146,125,-22.771107326023685,-43.75383161078738,1028.2589111328125,1028.2589111328125,,3343.693100333214,2.2070454718299146
146,126,-22.771107326023685,-43.75328937826712,2036.475341796875,2036.475341796875,,3343.693100333214,4.371071947875915
146,127,-22.771107326023685,-43.752747145746866,1888.6156005859375,1888.6156005859375,,3343.693100333214,4.053707158937662
146,130,-22.771107326023685,-43.75112044818609,1032.4952392578125,1032.4952392578125,,3343.693100333214,2.2161382875636155
146,131,-22.771107326023685,-43.75057821566584,844.3099975585938,844.3099975585938,,3343.693100333214,1.8122192151775431
146,132,-22.771107326023685,-43.75003598314558,2029.664794921875,2029.664794921875,,3343.693100333214,4.356453852687618
146,133,-22.771107326023685,-43.74949375062533,1351.4454345703125,1351.4454345703125,,3343.693100333214,2.900730053977977
146,134,-22.771107326023685,-43.74895151810507,1931.376953125,1931.376953125,,3343.693100333214,4.145489732829182
146,137,-22.771107326023685,-43.7473248205443,1259.19970703125,1259.19970703125,,3343.693100333214,2.702734672604183
146,142,-22.771107326023685,-43.74461365794302,690.2686157226562,690.2686157226562,,3343.693100333214,1.4815862096430872
146,143,-22.771107326023685,-43.74407142542276,1302.1641845703125,1302.1641845703125,,3343.693100333214,2.794953232127931
146,144,-22.771107326023685,-43.74352919290251,1792.2344970703125,1792.2344970703125,,3343.693100333214,3.8468356445933
146,145,-22.771107326023685,-43.74298696038225,1149.3321533203125,1149.3321533203125,,3343.693100333214,2.4669159655709354
146,148,-22.771107326023685,-43.74136026282148,848.8169555664062,848.8169555664062,,3343.693100333214,1.8218929084032225
146,150,-22.771107326023685,-43.74027579778097,1419.232666015625,1419.232666015625,,3343.693100333214,3.0462279442364153
146,153,-22.771107326023685,-43.7386491002202,803.0488891601562,803.0488891601562,,3343.693100333214,1.723656751514447
147,102,-22.771649558543942,-43.76630295875327,500.8109436035156,500.8109436035156,,3343.680119872093,1.0749318313237481
147,104,-22.771649558543942,-43.76521849371276,1093.3671875,1093.3671875,,3343.680119872093,2.346784167119028
147,105,-22.771649558543942,-43.764676261192506,875.4505004882812,875.4505004882812,,3343.680119872093,1.8790516096792298
147,107,-22.771649558543942,-43.76359179615199,2076.6826171875,2076.6826171875,,3343.680119872093,4.45735517021534
147,108,-22.771649558543942,-43.76304956363174,1342.099609375,1342.099609375,,3343.680119872093,2.880659077742702
147,109,-22.771649558543942,-43.76250733111148,1342.099609375,1342.099609375,,3343.680119872093,2.880659077742702
147,112,-22.771649558543942,-43.76088063355071,1456.107666015625,1456.107666015625,,3343.680119872093,3.12536397222558
147,113,-22.771649558543942,-43.76033840103045,695.1190795898438,695.1190795898438,,3343.680119872093,1.491991408644497
147,114,-22.771649558543942,-43.7597961685102,874.503173828125,874.503173828125,,3343.680119872093,1.8770182843402579
147,117,-22.771649558543942,-43.758169470949426,507.4024658203125,507.4024658203125,,3343.680119872093,1.0890797590761458
147,118,-22.771649558543942,-43.75762723842917,740.1519165039062,740.1519165039062,,3343.680119872093,1.5886491004781245
147,123,-22.771649558543942,-43.75491607582789,602.1384887695312,602.1384887695312,,3343.680119872093,1.292419498236785
147,124,-22.771649558543942,-43.75437384330763,1108.1617431640625,1108.1617431640625,,3343.680119872093,2.3785389420829355
147,125,-22.771649558543942,-43.75383161078738,1028.2589111328125,1028.2589111328125,,3343.680119872093,2.2070369039180044
147,126,-22.771649558543942,-43.75328937826712,924.9979858398438,924.9979858398438,,3343.680119872093,1.985399463788039
147,127,-22.771649558543942,-43.752747145746866,1341.797119140625,1341.797119140625,,3343.680119872093,2.880009818005575
147,128,-22.771649558543942,-43.752204913226606,1542.443603515625,1542.443603515625,,3343.680119872093,3.310673915211571
147,129,-22.771649558543942,-43.75166268070635,1542.443603515625,1542.443603515625,,3343.680119872093,3.310673915211571
147,130,-22.771649558543942,-43.75112044818609,1664.7359619140625,1664.7359619140625,,3343.680119872093,3.5731600897832756
147,131,-22.771649558543942,-43.75057821566584,844.3099975585938,844.3099975585938,,3343.680119872093,1.8122121800100324
147,132,-22.771649558543942,-43.75003598314558,1002.908447265625,1002.908447265625,,3343.680119872093,2.1526251126069185
147,133,-22.771649558543942,-43.74949375062533,1448.366455078125,1448.366455078125,,3343.680119872093,3.1087483727543788
147,134,-22.771649558543942,-43.74895151810507,1931.376953125,1931.376953125,,3343.680119872093,4.145473639734903
147,135,-22.771649558543942,-43.74840928558481,1318.5279541015625,1318.5279541015625,,3343.680119872093,2.8300652900189505
147,137,-22.771649558543942,-43.7473248205443,1259.19970703125,1259.19970703125,,3343.680119872093,2.702724180390548
147,141,-22.771649558543942,-43.74515589046327,1624.59765625,1624.59765625,,3343.680119872093,3.4870079340351356
147,142,-22.771649558543942,-43.74461365794302,690.2686157226562,690.2686157226562,,3343.680119872093,1.4815804580170815
147,144,-22.771649558543942,-43.74352919290251,741.5371704101562,741.5371704101562,,3343.680119872093,1.5916223851822875
147,145,-22.771649558543942,-43.74298696038225,1149.3321533203125,1149.3321533203125,,3343.680119872093,2.4669063888227654
147,147,-22.771649558543942,-43.74190249534174,870.4661865234375,870.4661865234375,,3343.680119872093,1.8683533655482796
147,148,-22.771649558543942,-43.74136026282148,848.8169555664062,848.8169555664062,,3343.680119872093,1.8218858356817278
147,149,-22.771649558543942,-43.74081803030123,840.2827758789062,840.2827758789062,,3343.680119872093,1.8035682219843863
147,153,-22.771649558543942,-43.7386491002202,803.0488891601562,803.0488891601562,,3343.680119872093,1.7236500601528961
147,155,-22.771649558543942,-43.73756463517969,1053.11474609375,1053.11474609375,,3343.680119872093,2.260387032414385
147,156,-22.771649558543942,-43.73702240265943,1099.1409912109375,1099.1409912109375,,3343.680119872093,2.359176958203113
147,157,-22.771649558543942,-43.736480170139174,986.1533203125,986.1533203125,,3343.680119872093,2.1166622017923276
148,103,-22.7721917910642,-43.76576072623302,1827.748046875,1827.748046875,,3343.66713899374,3.923031141627064
148,104,-22.7721917910642,-43.76521849371276,1093.3671875,1093.3671875,,3343.66713899374,2.3467750564030796
148,105,-22.7721917910642,-43.764676261192506,579.8934326171875,579.8934326171875,,3343.66713899374,1.2446682675283556
148,106,-22.7721917910642,-43.764134028672245,772.3533935546875,772.3533935546875,,3343.66713899374,1.6577593506046309
148,107,-22.7721917910642,-43.76359179615199,2076.6826171875,2076.6826171875,,3343.66713899374,4.457337865813255
148,109,-22.7721917910642,-43.76250733111148,1217.838623046875,1217.838623046875,,3343.66713899374,2.613937326787282
148,113,-22.7721917910642,-43.76033840103045,695.1190795898438,695.1190795898438,,3343.66713899374,1.4919856164160885
148,114,-22.7721917910642,-43.7597961685102,1282.496826171875,1282.496826171875,,3343.66713899374,2.752718021891683
148,115,-22.7721917910642,-43.75925393598994,1384.913330078125,1384.913330078125,,3343.66713899374,2.9725421573504724
148,116,-22.7721917910642,-43.758711703469686,1384.913330078125,1384.913330078125,,3343.66713899374,2.9725421573504724
148,122,-22.7721917910642,-43.755458308348146,822.1156616210938,822.1156616210938,,3343.66713899374,1.7645677959132073
148,124,-22.7721917910642,-43.75437384330763,1108.1617431640625,1108.1617431640625,,3343.66713899374,2.378529708088188
148,125,-22.7721917910642,-43.75383161078738,980.6157836914062,980.6157836914062,,3343.66713899374,2.1047683590579216
148,126,-22.7721917910642,-43.75328937826712,962.4006958007812,962.4006958007812,,3343.66713899374,2.0656719654578453
148,127,-22.7721917910642,-43.752747145746866,1341.797119140625,1341.797119140625,,3343.66713899374,2.879998637194085
148,128,-22.7721917910642,-43.752204913226606,828.8002319335938,828.8002319335938,,3343.66713899374,1.778915384766698
148,129,-22.7721917910642,-43.75166268070635,1814.420166015625,1814.420166015625,,3343.66713899374,3.8944245228140284
148,130,-22.7721917910642,-43.75112044818609,1664.7359619140625,1664.7359619140625,,3343.66713899374,3.573146218014805
148,131,-22.7721917910642,-43.75057821566584,934.1554565429688,934.1554565429688,,3343.66713899374,2.0050471143463597
148,132,-22.7721917910642,-43.75003598314558,1341.0289306640625,1341.0289306640625,,3343.66713899374,2.8783498173136066
148,133,-22.7721917910642,-43.74949375062533,1341.0289306640625,1341.0289306640625,,3343.66713899374,2.8783498173136066
148,135,-22.7721917910642,-43.74840928558481,637.089111328125,637.089111328125,,3343.66713899374,1.3674315932138292
148,136,-22.7721917910642,-43.74786705306456,637.089111328125,637.089111328125,,3343.66713899374,1.3674315932138292
148,138,-22.7721917910642,-43.74678258802405,1379.81982421875,1379.81982421875,,3343.66713899374,2.9616095880937023
148,139,-22.7721917910642,-43.74624035550379,1379.81982421875,1379.81982421875,,3343.66713899374,2.9616095880937023
148,140,-22.7721917910642,-43.74569812298353,1302.876220703125,1302.876220703125,,3343.66713899374,2.7964598272954913
148,141,-22.7721917910642,-43.74515589046327,1624.59765625,1624.59765625,,3343.66713899374,3.486994396727682
148,143,-22.7721917910642,-43.74407142542276,688.4737548828125,688.4737548828125,,3343.66713899374,1.4777222633152711
148,144,-22.7721917910642,-43.74352919290251,741.5371704101562,741.5371704101562,,3343.66713899374,1.5916162061652086
148,145,-22.7721917910642,-43.74298696038225,632.6061401367188,632.6061401367188,,3343.66713899374,1.3578094597797528
148,147,-22.7721917910642,-43.74190249534174,870.4661865234375,870.4661865234375,,3343.66713899374,1.8683461122025977
148,148,-22.7721917910642,-43.74136026282148,996.6625366210938,996.6625366210938,,3343.66713899374,2.139210694571721
148,149,-22.7721917910642,-43.74081803030123,1224.4866943359375,1224.4866943359375,,3343.66713899374,2.6282065750807435
148,150,-22.7721917910642,-43.74027579778097,1224.4866943359375,1224.4866943359375,,3343.66713899374,2.6282065750807435
148,151,-22.7721917910642,-43.739733565260714,738.2545166015625,738.2545166015625,,3343.66713899374,1.584570402920986
148,154,-22.7721917910642,-43.73810686769994,833.4195556640625,833.4195556640625,,3343.66713899374,1.7888301817644952
148,155,-22.7721917910642,-43.73756463517969,1053.11474609375,1053.11474609375,,3343.66713899374,2.2603782571105144
148,156,-22.7721917910642,-43.73702240265943,548.6524658203125,548.6524658203125,,3343.66713899374,1.177613464297558
149,101,-22.772734023584455,-43.76684519127353,999.810302734375,999.810302734375,,3343.6541578769684,2.145958647068754
149,103,-22.772734023584455,-43.76576072623302,1864.1051025390625,1864.1051025390625,,3343.6541578769684,4.001051452358825
149,107,-22.772734023584455,-43.76359179615199,1085.9393310546875,1085.9393310546875,,3343.6541578769684,2.330823048427807
149,108,-22.772734023584455,-43.76304956363174,1726.6463623046875,1726.6463623046875,,3343.6541578769684,3.7060147124748757
149,109,-22.772734023584455,-43.76250733111148,1726.6463623046875,1726.6463623046875,,3343.6541578769684,3.7060147124748757
149,114,-22.772734023584455,-43.7597961685102,911.66943359375,911.66943359375,,3343.6541578769684,1.9567760993642709
149,115,-22.772734023584455,-43.75925393598994,911.66943359375,911.66943359375,,3343.6541578769684,1.9567760993642709
149,116,-22.772734023584455,-43.758711703469686,1332.0654296875,1332.0654296875,,3343.6541578769684,2.85909969069272
149,117,-22.772734023584455,-43.758169470949426,1576.225341796875,1576.225341796875,,3343.6541578769684,3.3831561774339476
149,118,-22.772734023584455,-43.75762723842917,937.9605102539062,937.9605102539062,,3343.6541578769684,2.0132063673314127
149,119,-22.772734023584455,-43.75708500590891,857.580810546875,857.580810546875,,3343.6541578769684,1.8406821283199244
149,120,-22.772734023584455,-43.75654277338866,857.580810546875,857.580810546875,,3343.6541578769684,1.8406821283199244
149,121,-22.772734023584455,-43.756000540868406,672.9844970703125,672.9844970703125,,3343.6541578769684,1.4444709130137274
149,122,-22.772734023584455,-43.755458308348146,1702.558837890625,1702.558837890625,,3343.6541578769684,3.654314073702232
149,123,-22.772734023584455,-43.75491607582789,1702.558837890625,1702.558837890625,,3343.6541578769684,3.654314073702232
149,124,-22.772734023584455,-43.75437384330763,1274.947509765625,1274.947509765625,,3343.6541578769684,2.7365037404172474
149,125,-22.772734023584455,-43.75383161078738,736.3877563476562,736.3877563476562,,3343.6541578769684,1.5805575007658699
149,126,-22.772734023584455,-43.75328937826712,736.3877563476562,736.3877563476562,,3343.6541578769684,1.5805575007658699
149,127,-22.772734023584455,-43.752747145746866,2005.755126953125,2005.755126953125,,3343.6541578769684,4.30508422129261
149,131,-22.772734023584455,-43.75057821566584,1499.52978515625,1499.52978515625,,3343.6541578769684,3.218539457127529
149,132,-22.772734023584455,-43.75003598314558,1499.52978515625,1499.52978515625,,3343.6541578769684,3.218539457127529
149,133,-22.772734023584455,-43.74949375062533,1221.587158203125,1221.587158203125,,3343.6541578769684,2.621972906385026
149,134,-22.772734023584455,-43.74895151810507,891.0933227539062,891.0933227539062,,3343.6541578769684,1.9126122386208406
149,135,-22.772734023584455,-43.74840928558481,891.0933227539062,891.0933227539062,,3343.6541578769684,1.9126122386208406
149,137,-22.772734023584455,-43.7473248205443,1052.4190673828125,1052.4190673828125,,3343.6541578769684,2.258876300647798
149,138,-22.772734023584455,-43.74678258802405,783.3753662109375,783.3753662109375,,3343.6541578769684,1.6814100999193622
149,139,-22.772734023584455,-43.74624035550379,1831.368408203125,1831.368408203125,,3343.6541578769684,3.930786531008724
149,140,-22.772734023584455,-43.74569812298353,1831.368408203125,1831.368408203125,,3343.6541578769684,3.930786531008724
149,141,-22.772734023584455,-43.74515589046327,809.2237548828125,809.2237548828125,,3343.6541578769684,1.7368901975253788
149,147,-22.772734023584455,-43.74190249534174,1496.9879150390625,1496.9879150390625,,3343.6541578769684,3.213083674022688
149,150,-22.772734023584455,-43.74027579778097,873.1135864257812,873.1135864257812,,3343.6541578769684,1.8740211473509931
149,152,-22.772734023584455,-43.739191332740454,1927.7725830078125,1927.7725830078125,,3343.6541578769684,4.137705155441632
149,153,-22.772734023584455,-43.7386491002202,547.4844360351562,547.4844360351562,,3343.6541578769684,1.1751018732573915
149,158,-22.772734023584455,-43.735937937618914,538.5846557617188,538.5846557617188,,3343.6541578769684,1.1559996891905113
150,101,-22.77327625610471,-43.76684519127353,1430.459228515625,1430.459228515625,,3343.641176521778,3.070276856052576
150,103,-22.77327625610471,-43.76576072623302,1864.1051025390625,1864.1051025390625,,3343.641176521778,4.001035918733759
150,104,-22.77327625610471,-43.76521849371276,1130.8343505859375,1130.8343505859375,,3343.641176521778,2.4271747599797626
150,105,-22.77327625610471,-43.764676261192506,1233.5164794921875,1233.5164794921875,,3343.641176521778,2.6475673147806513
150,106,-22.77327625610471,-43.764134028672245,1349.3514404296875,1349.3514404296875,,3343.641176521778,2.896190548913099
150,111,-22.77327625610471,-43.761422866070966,1579.1298828125,1579.1298828125,,3343.641176521778,3.3893772260334485
150,114,-22.77327625610471,-43.7597961685102,682.390625,682.390625,,3343.641176521778,1.4646542180016195
150,116,-22.77327625610471,-43.758711703469686,791.1940307617188,791.1940307617188,,3343.641176521778,1.6981852211302793
150,117,-22.77327625610471,-43.758169470949426,1576.225341796875,1576.225341796875,,3343.641176521778,3.383143042716681
150,118,-22.77327625610471,-43.75762723842917,738.521728515625,738.521728515625,,3343.641176521778,1.5851316315435269
150,119,-22.77327625610471,-43.75708500590891,1201.60009765625,1201.60009765625,,3343.641176521778,2.5790633500912827
150,120,-22.77327625610471,-43.75654277338866,1299.8773193359375,1299.8773193359375,,3343.641176521778,2.7900013993451607
150,121,-22.77327625610471,-43.756000540868406,1246.2518310546875,1246.2518310546875,,3343.641176521778,2.6749019317879545
150,123,-22.77327625610471,-43.75491607582789,884.3401489257812,884.3401489257812,,3343.641176521778,1.8981100880046906
150,124,-22.77327625610471,-43.75437384330763,1724.372802734375,1724.372802734375,,3343.641176521778,3.7011204527204296
150,125,-22.77327625610471,-43.75383161078738,1666.7540283203125,1666.7540283203125,,3343.641176521778,3.577449965627146
150,126,-22.77327625610471,-43.75328937826712,1450.656494140625,1450.656494140625,,3343.641176521778,3.113627408076581
150,127,-22.77327625610471,-43.752747145746866,1410.75634765625,1410.75634765625,,3343.641176521778,3.027987430465191
150,128,-22.77327625610471,-43.752204913226606,1401.3485107421875,1401.3485107421875,,3343.641176521778,3.007794849392652
150,129,-22.77327625610471,-43.75166268070635,1456.0791015625,1456.0791015625,,3343.641176521778,3.1252662620438607
150,130,-22.77327625610471,-43.75112044818609,2057.769775390625,2057.769775390625,,3343.641176521778,4.416709536714582
150,131,-22.77327625610471,-43.75057821566584,1555.869384765625,1555.869384765625,,3343.641176521778,3.339451882206848
150,132,-22.77327625610471,-43.75003598314558,1569.760009765625,1569.760009765625,,3343.641176521778,3.369266128990981
150,133,-22.77327625610471,-43.74949375062533,552.2804565429688,552.2804565429688,,3343.641176521778,1.1853912855199604
150,137,-22.77327625610471,-43.7473248205443,1052.4190673828125,1052.4190673828125,,3343.641176521778,2.258867530818682
150,138,-22.77327625610471,-43.74678258802405,593.4319458007812,593.4319458007812,,3343.641176521778,1.2737170920453702
150,139,-22.77327625610471,-43.74624035550379,593.4319458007812,593.4319458007812,,3343.641176521778,1.2737170920453702
150,143,-22.77327625610471,-43.74407142542276,1634.5869140625,1634.5869140625,,3343.641176521778,3.5084078395301685
150,145,-22.77327625610471,-43.74298696038225,574.1895751953125,574.1895751953125,,3343.641176521778,1.2324160860832056
150,146,-22.77327625610471,-43.742444727861994,1159.01220703125,1159.01220703125,,3343.641176521778,2.4876545127560723
150,147,-22.77327625610471,-43.74190249534174,1464.1661376953125,1464.1661376953125,,3343.641176521778,3.142623932488198
150,152,-22.77327625610471,-43.739191332740454,598.579345703125,598.579345703125,,3343.641176521778,1.284765252296266
150,153,-22.77327625610471,-43.7386491002202,598.579345703125,598.579345703125,,3343.641176521778,1.284765252296266
150,158,-22.77327625610471,-43.735937937618914,563.3555908203125,563.3555908203125,,3343.641176521778,1.2091624827491807
151,103,-22.77381848862497,-43.76576072623302,1454.15234375,1454.15234375,,3343.62819480896,3.121118633198486
151,104,-22.77381848862497,-43.76521849371276,1336.0196533203125,1336.0196533203125,,3343.62819480896,2.867564634626962
151,105,-22.77381848862497,-43.764676261192506,1233.5164794921875,1233.5164794921875,,3343.62819480896,2.6475570355800038
151,107,-22.77381848862497,-43.76359179615199,1350.840087890625,1350.840087890625,,3343.62819480896,2.899374461629142
151,108,-22.77381848862497,-43.76304956363174,1350.840087890625,1350.840087890625,,3343.62819480896,2.899374461629142
151,110,-22.77381848862497,-43.761965098591226,898.3496704101562,898.3496704101562,,3343.62819480896,1.9281720429746807
151,111,-22.77381848862497,-43.761422866070966,898.3496704101562,898.3496704101562,,3343.62819480896,1.9281720429746807
151,114,-22.77381848862497,-43.7597961685102,1220.402099609375,1220.402099609375,,3343.62819480896,2.6194089975900265
151,116,-22.77381848862497,-43.758711703469686,791.1940307617188,791.1940307617188,,3343.62819480896,1.6981786279129782
151,117,-22.77381848862497,-43.758169470949426,1179.4859619140625,1179.4859619140625,,3343.62819480896,2.531588680614139
151,118,-22.77381848862497,-43.75762723842917,738.521728515625,738.521728515625,,3343.62819480896,1.585125477257665
151,119,-22.77381848862497,-43.75708500590891,1201.60009765625,1201.60009765625,,3343.62819480896,2.5790533368578097
151,120,-22.77381848862497,-43.75654277338866,1499.610107421875,1499.610107421875,,3343.62819480896,3.2186868651857488
151,121,-22.77381848862497,-43.756000540868406,1246.2518310546875,1246.2518310546875,,3343.62819480896,2.674891546460444
151,122,-22.77381848862497,-43.755458308348146,1243.76220703125,1243.76220703125,,3343.62819480896,2.669547944077512
151,124,-22.77381848862497,-43.75437384330763,1724.372802734375,1724.372802734375,,3343.62819480896,3.7011060830915468
151,125,-22.77381848862497,-43.75383161078738,2329.483154296875,2329.483154296875,,3343.62819480896,4.999884166089775
151,126,-22.77381848862497,-43.75328937826712,2877.191162109375,2877.191162109375,,3343.62819480896,6.175456777916138
151,127,-22.77381848862497,-43.752747145746866,1410.75634765625,1410.75634765625,,3343.62819480896,3.0279756742804915
151,128,-22.77381848862497,-43.752204913226606,2382.8232421875,2382.8232421875,,3343.62819480896,5.114370617889282
151,129,-22.77381848862497,-43.75166268070635,1296.5089111328125,1296.5089111328125,,3343.62819480896,2.7827607870913638
151,130,-22.77381848862497,-43.75112044818609,2057.769775390625,2057.769775390625,,3343.62819480896,4.416692388805528
151,131,-22.77381848862497,-43.75057821566584,634.6327514648438,634.6327514648438,,3343.62819480896,1.3621434606548235
151,132,-22.77381848862497,-43.75003598314558,678.1004638671875,678.1004638671875,,3343.62819480896,1.4554403478101299
151,133,-22.77381848862497,-43.74949375062533,552.2804565429688,552.2804565429688,,3343.62819480896,1.1853866832290945
151,135,-22.77381848862497,-43.74840928558481,638.5335083007812,638.5335083007812,,3343.62819480896,1.3705158467370304
151,137,-22.77381848862497,-43.7473248205443,743.0540161132812,743.0540161132812,,3343.62819480896,1.5948533488475014
151,139,-22.77381848862497,-43.74624035550379,1030.94970703125,1030.94970703125,,3343.62819480896,2.2127780176097898
151,140,-22.77381848862497,-43.74569812298353,1271.939208984375,1271.939208984375,,3343.62819480896,2.7300256280021387
151,145,-22.77381848862497,-43.74298696038225,1581.443359375,1581.443359375,,3343.62819480896,3.394329595181607
151,147,-22.77381848862497,-43.74190249534174,1464.1661376953125,1464.1661376953125,,3343.62819480896,3.14261173122639
151,148,-22.77381848862497,-43.74136026282148,511.3735656738281,511.3735656738281,,3343.62819480896,1.0975862131706136
151,149,-22.77381848862497,-43.74081803030123,2509.80419921875,2509.80419921875,,3343.62819480896,5.386916085876195
151,151,-22.77381848862497,-43.739733565260714,547.2495727539062,547.2495727539062,,3343.62819480896,1.1745886501323652
151,158,-22.77381848862497,-43.735937937618914,563.3555908203125,563.3555908203125,,3343.62819480896,1.209157788166457
152,103,-22.77436072114522,-43.76576072623302,1756.5118408203125,1756.5118408203125,,3343.6152127683163,3.770073042043416
152,104,-22.77436072114522,-43.76521849371276,1756.5118408203125,1756.5118408203125,,3343.6152127683163,3.770073042043416
152,105,-22.77436072114522,-43.764676261192506,1979.1141357421875,1979.1141357421875,,3343.6152127683163,4.247853431380291
152,106,-22.77436072114522,-43.764134028672245,626.7493286132812,626.7493286132812,,3343.6152127683163,1.3452176598025338
152,107,-22.77436072114522,-43.76359179615199,626.7493286132812,626.7493286132812,,3343.6152127683163,1.3452176598025338
152,108,-22.77436072114522,-43.76304956363174,681.7818603515625,681.7818603515625,,3343.6152127683163,1.4633362283884417
152,117,-22.77436072114522,-43.758169470949426,1583.8736572265625,1583.8736572265625,,3343.6152127683163,3.3995326637387757
152,118,-22.77436072114522,-43.75762723842917,1583.8736572265625,1583.8736572265625,,3343.6152127683163,3.3995326637387757
152,119,-22.77436072114522,-43.75708500590891,1064.4605712890625,1064.4605712890625,,3343.6152127683163,2.2846951616681754
152,120,-22.77436072114522,-43.75654277338866,718.1759643554688,718.1759643554688,,3343.6152127683163,1.54145037894855
152,121,-22.77436072114522,-43.756000540868406,718.1759643554688,718.1759643554688,,3343.6152127683163,1.54145037894855
152,122,-22.77436072114522,-43.755458308348146,975.764404296875,975.764404296875,,3343.6152127683163,2.094322959022697
152,125,-22.77436072114522,-43.75383161078738,2923.049560546875,2923.049560546875,,3343.6152127683163,6.2738605528717075
152,126,-22.77436072114522,-43.75328937826712,2877.191162109375,2877.191162109375,,3343.6152127683163,6.175432800958711
152,127,-22.77436072114522,-43.752747145746866,2272.6396484375,2272.6396484375,,3343.6152127683163,4.877859217192567
152,128,-22.77436072114522,-43.752204913226606,1345.017822265625,1345.017822265625,,3343.6152127683163,2.886866638156816
152,129,-22.77436072114522,-43.75166268070635,1296.5089111328125,1296.5089111328125,,3343.6152127683163,2.782749982686228
152,130,-22.77436072114522,-43.75112044818609,725.8680419921875,725.8680419921875,,3343.6152127683163,1.5579601990713425
152,131,-22.77436072114522,-43.75057821566584,966.6146850585938,966.6146850585938,,3343.6152127683163,2.074684543248397
152,132,-22.77436072114522,-43.75003598314558,966.6146850585938,966.6146850585938,,3343.6152127683163,2.074684543248397
152,134,-22.77436072114522,-43.74895151810507,1038.63818359375,1038.63818359375,,3343.6152127683163,2.2292715172219038
152,135,-22.77436072114522,-43.74840928558481,1038.63818359375,1038.63818359375,,3343.6152127683163,2.2292715172219038
152,137,-22.77436072114522,-43.7473248205443,1470.98388671875,1470.98388671875,,3343.6152127683163,3.1572327425977886
152,138,-22.77436072114522,-43.74678258802405,1470.98388671875,1470.98388671875,,3343.6152127683163,3.1572327425977886
152,139,-22.77436072114522,-43.74624035550379,1301.8768310546875,1301.8768310546875,,3343.6152127683163,2.7942713682635993
152,140,-22.77436072114522,-43.74569812298353,1271.939208984375,1271.939208984375,,3343.6152127683163,2.730015028347633
152,145,-22.77436072114522,-43.74298696038225,646.855224609375,646.855224609375,,3343.6152127683163,1.388371764841531
152,147,-22.77436072114522,-43.74190249534174,626.027587890625,626.027587890625,,3343.6152127683163,1.343668558237377
152,151,-22.77436072114522,-43.739733565260714,596.2696533203125,596.2696533203125,,3343.6152127683163,1.2797978889351804
152,152,-22.77436072114522,-43.739191332740454,596.2696533203125,596.2696533203125,,3343.6152127683163,1.2797978889351804
152,156,-22.77436072114522,-43.73702240265943,758.4005126953125,758.4005126953125,,3343.6152127683163,1.6277859684960676
153,100,-22.774902953665478,-43.767387423793785,682.6239624023438,682.6239624023438,,3343.6022305190563,1.465137977672854
153,101,-22.774902953665478,-43.76684519127353,818.5947875976562,818.5947875976562,,3343.6022305190563,1.7569765752340534
153,104,-22.774902953665478,-43.76521849371276,806.1674194335938,806.1674194335938,,3343.6022305190563,1.73030331138376
153,106,-22.774902953665478,-43.764134028672245,1640.626708984375,1640.626708984375,,3343.6022305190563,3.5213303823352327
153,107,-22.774902953665478,-43.76359179615199,1083.4097900390625,1083.4097900390625,,3343.6022305190563,2.3253576144360575
153,108,-22.774902953665478,-43.76304956363174,867.2757568359375,867.2757568359375,,3343.6022305190563,1.8614621203501664
153,112,-22.774902953665478,-43.76088063355071,816.6748657226562,816.6748657226562,,3343.6022305190563,1.7528557845672157
153,115,-22.774902953665478,-43.75925393598994,595.5830078125,595.5830078125,,3343.6022305190563,1.278319150314852
153,116,-22.774902953665478,-43.758711703469686,1422.7744140625,1422.7744140625,,3343.6022305190563,3.0537469273244686
153,117,-22.774902953665478,-43.758169470949426,1422.7744140625,1422.7744140625,,3343.6022305190563,3.0537469273244686
153,118,-22.774902953665478,-43.75762723842917,1173.462158203125,1173.462158203125,,3343.6022305190563,2.518639936539453
153,119,-22.774902953665478,-43.75708500590891,1561.61767578125,1561.61767578125,,3343.6022305190563,3.351750728673903
153,120,-22.774902953665478,-43.75654277338866,1294.1964111328125,1294.1964111328125,,3343.6022305190563,2.777775784262571
153,121,-22.774902953665478,-43.756000540868406,850.829345703125,850.829345703125,,3343.6022305190563,1.8261626540637739
153,122,-22.774902953665478,-43.755458308348146,1554.70068359375,1554.70068359375,,3343.6022305190563,3.336904563723134
153,123,-22.774902953665478,-43.75491607582789,994.8958129882812,994.8958129882812,,3343.6022305190563,2.135377191135995
153,124,-22.774902953665478,-43.75437384330763,1163.125244140625,1163.125244140625,,3343.6022305190563,2.496453482211641
153,125,-22.774902953665478,-43.75383161078738,1163.125244140625,1163.125244140625,,3343.6022305190563,2.496453482211641
153,126,-22.774902953665478,-43.75328937826712,1354.434326171875,1354.434326171875,,3343.6022305190563,2.907066377445032
153,127,-22.774902953665478,-43.752747145746866,2620.59912109375,2620.59912109375,,3343.6022305190563,5.6246769935502225
153,128,-22.774902953665478,-43.752204913226606,2620.59912109375,2620.59912109375,,3343.6022305190563,5.6246769935502225
153,129,-22.774902953665478,-43.75166268070635,1081.6343994140625,1081.6343994140625,,3343.6022305190563,2.321547035884526
153,130,-22.774902953665478,-43.75112044818609,1617.9490966796875,1617.9490966796875,,3343.6022305190563,3.472656686624921
153,131,-22.774902953665478,-43.75057821566584,1617.9490966796875,1617.9490966796875,,3343.6022305190563,3.472656686624921
153,132,-22.774902953665478,-43.75003598314558,524.322265625,524.322265625,,3343.6022305190563,1.1253699052742538
153,133,-22.774902953665478,-43.74949375062533,1032.82177734375,1032.82177734375,,3343.6022305190563,2.2167789200198
153,135,-22.774902953665478,-43.74840928558481,991.959716796875,991.959716796875,,3343.6022305190563,2.1290753525351485
153,137,-22.774902953665478,-43.7473248205443,1037.0311279296875,1037.0311279296875,,3343.6022305190563,2.2258135858746173
153,138,-22.774902953665478,-43.74678258802405,1151.905517578125,1151.905517578125,,3343.6022305190563,2.4723722187470947
153,140,-22.774902953665478,-43.74569812298353,1364.2010498046875,1364.2010498046875,,3343.6022305190563,2.9280290135375435
153,143,-22.774902953665478,-43.74407142542276,1125.6141357421875,1125.6141357421875,,3343.6022305190563,2.415942172140225
153,144,-22.774902953665478,-43.74352919290251,705.2498168945312,705.2498168945312,,3343.6022305190563,1.5137005839094406
153,145,-22.774902953665478,-43.74298696038225,705.2498168945312,705.2498168945312,,3343.6022305190563,1.5137005839094406
153,146,-22.774902953665478,-43.742444727861994,684.9072265625,684.9072265625,,3343.6022305190563,1.4700386216853072
153,147,-22.774902953665478,-43.74190249534174,1402.7823486328125,1402.7823486328125,,3343.6022305190563,3.010837308080995
153,148,-22.774902953665478,-43.74136026282148,1402.7823486328125,1402.7823486328125,,3343.6022305190563,3.010837308080995
153,152,-22.774902953665478,-43.739191332740454,653.2217407226562,653.2217407226562,,3343.6022305190563,1.4020310344895792
153,155,-22.774902953665478,-43.73756463517969,921.5089111328125,921.5089111328125,,3343.6022305190563,1.9778645005562536
153,156,-22.774902953665478,-43.73702240265943,921.5089111328125,921.5089111328125,,3343.6022305190563,1.9778645005562536
154,100,-22.775445186185735,-43.767387423793785,765.9620361328125,765.9620361328125,,3343.589247882366,1.6440028081899387
154,101,-22.775445186185735,-43.76684519127353,1085.2548828125,1085.2548828125,,3343.589247882366,2.3293087526288727
154,102,-22.775445186185735,-43.76630295875327,936.9996337890625,936.9996337890625,,3343.589247882366,2.011104932823411
154,103,-22.775445186185735,-43.76576072623302,659.728271484375,659.728271484375,,3343.589247882366,1.4159907146815114
154,107,-22.775445186185735,-43.76359179615199,1715.1573486328125,1715.1573486328125,,3343.589247882366,3.681283620629774
154,108,-22.775445186185735,-43.76304956363174,867.2757568359375,867.2757568359375,,3343.589247882366,1.8614548926105148
154,109,-22.775445186185735,-43.76250733111148,575.1187133789062,575.1187133789062,,3343.589247882366,1.2343911776765446
154,110,-22.775445186185735,-43.761965098591226,1474.7501220703125,1474.7501220703125,,3343.589247882366,3.165291786917829
154,111,-22.775445186185735,-43.761422866070966,568.9987182617188,568.9987182617188,,3343.589247882366,1.2212556844221236
154,114,-22.775445186185735,-43.7597961685102,1239.906982421875,1239.906982421875,,3343.589247882366,2.661242287264521
154,116,-22.775445186185735,-43.758711703469686,1080.1572265625,1080.1572265625,,3343.589247882366,2.3183675299639757
154,117,-22.775445186185735,-43.758169470949426,828.3741455078125,828.3741455078125,,3343.589247882366,1.777959425146561
154,118,-22.775445186185735,-43.75762723842917,1042.8323974609375,1042.8323974609375,,3343.589247882366,2.238256348255828
154,119,-22.775445186185735,-43.75708500590891,1561.61767578125,1561.61767578125,,3343.589247882366,3.3517377143979856
154,120,-22.775445186185735,-43.75654277338866,1445.7845458984375,1445.7845458984375,,3343.589247882366,3.10312227156192
154,121,-22.775445186185735,-43.756000540868406,1456.1761474609375,1456.1761474609375,,3343.589247882366,3.1254260168449024
154,122,-22.775445186185735,-43.755458308348146,1554.70068359375,1554.70068359375,,3343.589247882366,3.336891607092341
154,123,-22.775445186185735,-43.75491607582789,1647.361328125,1647.361328125,,3343.589247882366,3.5357713852431876
154,124,-22.775445186185735,-43.75437384330763,2602.790771484375,2602.790771484375,,3343.589247882366,5.586432663236095
154,125,-22.775445186185735,-43.75383161078738,2023.9847412109375,2023.9847412109375,,3343.589247882366,4.344127308298362
154,126,-22.775445186185735,-43.75328937826712,2741.69140625,2741.69140625,,3343.589247882366,5.884558448643111
154,127,-22.775445186185735,-43.752747145746866,2764.7626953125,2764.7626953125,,3343.589247882366,5.9340769132902755
154,128,-22.775445186185735,-43.752204913226606,2508.901611328125,2508.901611328125,,3343.589247882366,5.384916092343401
154,129,-22.775445186185735,-43.75166268070635,1017.1145629882812,1017.1145629882812,,3343.589247882366,2.1830575393082268
154,130,-22.775445186185735,-43.75112044818609,2328.489013671875,2328.489013671875,,3343.589247882366,4.997692178900923
154,131,-22.775445186185735,-43.75057821566584,731.2608032226562,731.2608032226562,,3343.589247882366,1.5695227143200408
154,132,-22.775445186185735,-43.75003598314558,861.8220825195312,861.8220825195312,,3343.589247882366,1.8497495397755466
154,133,-22.775445186185735,-43.74949375062533,1032.82177734375,1032.82177734375,,3343.589247882366,2.21677031264567
154,134,-22.775445186185735,-43.74895151810507,683.3175048828125,683.3175048828125,,3343.589247882366,1.4666208557598805
154,135,-22.775445186185735,-43.74840928558481,683.3175048828125,683.3175048828125,,3343.589247882366,1.4666208557598805
154,143,-22.775445186185735,-43.74407142542276,517.8319702148438,517.8319702148438,,3343.589247882366,1.1114352579428877
154,145,-22.775445186185735,-43.74298696038225,1127.19873046875,1127.19873046875,,3343.589247882366,2.419333845362332
154,148,-22.775445186185735,-43.74136026282148,1280.3604736328125,1280.3604736328125,,3343.589247882366,2.748068591982757
154,156,-22.775445186185735,-43.73702240265943,683.7966918945312,683.7966918945312,,3343.589247882366,1.4676493464105282
155,100,-22.77598741870599,-43.767387423793785,1255.773193359375,1255.773193359375,,3343.57626503706,2.6952858532197888
155,101,-22.77598741870599,-43.76684519127353,1085.2548828125,1085.2548828125,,3343.57626503706,2.329299708140162
155,102,-22.77598741870599,-43.76630295875327,1570.672607421875,1570.672607421875,,3343.57626503706,3.371159442812304
155,105,-22.77598741870599,-43.764676261192506,1128.93212890625,1128.93212890625,,3343.57626503706,2.4230448717784765
155,106,-22.77598741870599,-43.764134028672245,2375.096435546875,2375.096435546875,,3343.57626503706,5.097707019559104
155,107,-22.77598741870599,-43.76359179615199,2375.096435546875,2375.096435546875,,3343.57626503706,5.097707019559104
155,108,-22.77598741870599,-43.76304956363174,532.5667724609375,532.5667724609375,,3343.57626503706,1.1430564812973367
155,109,-22.77598741870599,-43.76250733111148,1279.35693359375,1279.35693359375,,3343.57626503706,2.7459040076411902
155,110,-22.77598741870599,-43.761965098591226,1279.35693359375,1279.35693359375,,3343.57626503706,2.7459040076411902
155,111,-22.77598741870599,-43.761422866070966,1322.4705810546875,1322.4705810546875,,3343.57626503706,2.8384395106258564
155,112,-22.77598741870599,-43.76088063355071,1474.4371337890625,1474.4371337890625,,3343.57626503706,3.164607724689909
155,113,-22.77598741870599,-43.76033840103045,1474.4371337890625,1474.4371337890625,,3343.57626503706,3.164607724689909
155,114,-22.77598741870599,-43.7597961685102,1245.5238037109375,1245.5238037109375,,3343.57626503706,2.673287426219074
155,116,-22.77598741870599,-43.758711703469686,2143.930419921875,2143.930419921875,,3343.57626503706,4.6015517464938505
155,117,-22.77598741870599,-43.758169470949426,2543.832275390625,2543.832275390625,,3343.57626503706,5.459867419595505
155,118,-22.77598741870599,-43.75762723842917,1042.8323974609375,1042.8323974609375,,3343.57626503706,2.238247657315114
155,119,-22.77598741870599,-43.75708500590891,1816.76904296875,1816.76904296875,,3343.57626503706,3.8993601121408825
155,120,-22.77598741870599,-43.75654277338866,1648.4713134765625,1648.4713134765625,,3343.57626503706,3.5381400352766597
155,121,-22.77598741870599,-43.756000540868406,1456.1761474609375,1456.1761474609375,,3343.57626503706,3.1254138811070815
155,122,-22.77598741870599,-43.755458308348146,3461.81494140625,3461.81494140625,,3343.57626503706,7.430148124978288
155,123,-22.77598741870599,-43.75491607582789,1647.361328125,1647.361328125,,3343.57626503706,3.53575765617256
155,124,-22.77598741870599,-43.75437384330763,2602.790771484375,2602.790771484375,,3343.57626503706,5.58641097163892
155,125,-22.77598741870599,-43.75383161078738,2968.31591796875,2968.31591796875,,3343.57626503706,6.370943370901154
155,126,-22.77598741870599,-43.75328937826712,2741.69140625,2741.69140625,,3343.57626503706,5.884535599451309
155,127,-22.77598741870599,-43.752747145746866,1758.633056640625,1758.633056640625,,3343.57626503706,3.7745819258077296
155,128,-22.77598741870599,-43.752204913226606,2195.725341796875,2195.725341796875,,3343.57626503706,4.7127200059666094
155,129,-22.77598741870599,-43.75166268070635,1017.1145629882812,1017.1145629882812,,3343.57626503706,2.1830490626993413
155,130,-22.77598741870599,-43.75112044818609,757.3392944335938,757.3392944335938,,3343.57626503706,1.6254892978832378
155,131,-22.77598741870599,-43.75057821566584,512.7413940429688,512.7413940429688,,3343.57626503706,1.1005049582458424
155,132,-22.77598741870599,-43.75003598314558,861.8220825195312,861.8220825195312,,3343.57626503706,1.849742357370547
155,133,-22.77598741870599,-43.74949375062533,2027.7786865234375,2027.7786865234375,,3343.57626503706,4.352253445247047
155,134,-22.77598741870599,-43.74895151810507,1274.2681884765625,1274.2681884765625,,3343.57626503706,2.734981953565242
155,135,-22.77598741870599,-43.74840928558481,1567.56640625,1567.56640625,,3343.57626503706,3.364492554141578
155,137,-22.77598741870599,-43.7473248205443,1384.738525390625,1384.738525390625,,3343.57626503706,2.9720861837394623
155,138,-22.77598741870599,-43.74678258802405,989.0571899414062,989.0571899414062,,3343.57626503706,2.122829079463793
155,139,-22.77598741870599,-43.74624035550379,712.347412109375,712.347412109375,,3343.57626503706,1.5289225097247867
155,140,-22.77598741870599,-43.74569812298353,676.3733520507812,676.3733520507812,,3343.57626503706,1.451710816027596
155,142,-22.77598741870599,-43.74461365794302,645.7456665039062,645.7456665039062,,3343.57626503706,1.3859741304478361
155,143,-22.77598741870599,-43.74407142542276,517.8319702148438,517.8319702148438,,3343.57626503706,1.111430942343407
155,144,-22.77598741870599,-43.74352919290251,1099.530517578125,1099.530517578125,,3343.57626503706,2.3599397286733206
155,151,-22.77598741870599,-43.739733565260714,710.5086059570312,710.5086059570312,,3343.57626503706,1.5249758510164835
155,156,-22.77598741870599,-43.73702240265943,1338.8585205078125,1338.8585205078125,,3343.57626503706,2.873613204096147
156,100,-22.776529651226248,-43.767387423793785,1261.997802734375,1261.997802734375,,3343.563281863928,2.708635312979725
156,102,-22.776529651226248,-43.76630295875327,824.5756225585938,824.5756225585938,,3343.563281863928,1.7697928194844483
156,103,-22.776529651226248,-43.76576072623302,824.5756225585938,824.5756225585938,,3343.563281863928,1.7697928194844483
156,104,-22.776529651226248,-43.76521849371276,618.5171508789062,618.5171508789062,,3343.563281863928,1.327527982159917
156,107,-22.776529651226248,-43.76359179615199,1525.28466796875,1525.28466796875,,3343.563281863928,3.2737298789705545
156,108,-22.776529651226248,-43.76304956363174,532.5667724609375,532.5667724609375,,3343.563281863928,1.1430520427862874
156,109,-22.776529651226248,-43.76250733111148,930.541015625,930.541015625,,3343.563281863928,1.9972271343394776
156,110,-22.776529651226248,-43.761965098591226,2011.471435546875,2011.471435546875,,3343.563281863928,4.317236170750332
156,111,-22.776529651226248,-43.761422866070966,1322.4705810546875,1322.4705810546875,,3343.563281863928,2.8384284889087876
156,113,-22.776529651226248,-43.76033840103045,2227.201171875,2227.201171875,,3343.563281863928,4.780258515648309
156,114,-22.776529651226248,-43.7597961685102,1245.5238037109375,1245.5238037109375,,3343.563281863928,2.673277045790833
156,115,-22.776529651226248,-43.75925393598994,1845.5452880859375,1845.5452880859375,,3343.563281863928,3.961107640743713
156,116,-22.776529651226248,-43.758711703469686,2212.737548828125,2212.737548828125,,3343.563281863928,4.749215133438365
156,117,-22.776529651226248,-43.758169470949426,2212.737548828125,2212.737548828125,,3343.563281863928,4.749215133438365
156,118,-22.776529651226248,-43.75762723842917,2667.487548828125,2667.487548828125,,3343.563281863928,5.725248456086541
156,119,-22.776529651226248,-43.75708500590891,2015.6124267578125,2015.6124267578125,,3343.563281863928,4.326124011125634
156,120,-22.776529651226248,-43.75654277338866,2015.6124267578125,2015.6124267578125,,3343.563281863928,4.326124011125634
156,121,-22.776529651226248,-43.756000540868406,3359.126708984375,3359.126708984375,,3343.563281863928,7.209718753086868
156,122,-22.776529651226248,-43.755458308348146,3009.881591796875,3009.881591796875,,3343.563281863928,6.460131348695077
156,123,-22.776529651226248,-43.75491607582789,3009.881591796875,3009.881591796875,,3343.563281863928,6.460131348695077
156,124,-22.776529651226248,-43.75437384330763,1823.944091796875,1823.944091796875,,3343.563281863928,3.9147448317559417
156,125,-22.776529651226248,-43.75383161078738,2968.31591796875,2968.31591796875,,3343.563281863928,6.370918632401344
156,126,-22.776529651226248,-43.75328937826712,2356.287841796875,2356.287841796875,,3343.563281863928,5.057318199768015
156,127,-22.776529651226248,-43.752747145746866,1142.015625,1142.015625,,3343.563281863928,2.451116668465935
156,128,-22.776529651226248,-43.752204913226606,2195.725341796875,2195.725341796875,,3343.563281863928,4.712701706381104
156,129,-22.776529651226248,-43.75166268070635,2259.209228515625,2259.209228515625,,3343.563281863928,4.84895764676312
156,130,-22.776529651226248,-43.75112044818609,1107.6141357421875,1107.6141357421875,,3343.563281863928,2.377280495042409
156,131,-22.776529651226248,-43.75057821566584,1107.6141357421875,1107.6141357421875,,3343.563281863928,2.377280495042409
156,132,-22.776529651226248,-43.75003598314558,1877.092529296875,1877.092529296875,,3343.563281863928,4.02881772025882
156,133,-22.776529651226248,-43.74949375062533,864.4660034179688,864.4660034179688,,3343.563281863928,1.8554098419624625
156,134,-22.776529651226248,-43.74895151810507,864.4660034179688,864.4660034179688,,3343.563281863928,1.8554098419624625
156,135,-22.776529651226248,-43.74840928558481,1162.900390625,1162.900390625,,3343.563281863928,2.4959417969666435
156,138,-22.776529651226248,-43.74678258802405,837.7399291992188,837.7399291992188,,3343.563281863928,1.7980474691838628
156,139,-22.776529651226248,-43.74624035550379,712.347412109375,712.347412109375,,3343.563281863928,1.5289165728882752
156,140,-22.776529651226248,-43.74569812298353,1007.915283203125,1007.915283203125,,3343.563281863928,2.1632961029414486
156,141,-22.776529651226248,-43.74515589046327,901.7318725585938,901.7318725585938,,3343.563281863928,1.9353938553295793
156,142,-22.776529651226248,-43.74461365794302,645.7456665039062,645.7456665039062,,3343.563281863928,1.3859687486827243
156,150,-22.776529651226248,-43.74027579778097,822.5303344726562,822.5303344726562,,3343.563281863928,1.7654030023843048
156,151,-22.776529651226248,-43.739733565260714,822.5303344726562,822.5303344726562,,3343.563281863928,1.7654030023843048
156,154,-22.776529651226248,-43.73810686769994,747.9480590820312,747.9480590820312,,3343.563281863928,1.6053265074746335
156,155,-22.776529651226248,-43.73756463517969,665.0830078125,665.0830078125,,3343.563281863928,1.427472628811605
156,156,-22.776529651226248,-43.73702240265943,1338.8585205078125,1338.8585205078125,,3343.563281863928,2.873602045798927
157,100,-22.777071883746505,-43.767387423793785,1261.997802734375,1261.997802734375,,3343.5502983033657,2.7086247949402376
157,104,-22.777071883746505,-43.76521849371276,730.384765625,730.384765625,,3343.5502983033657,1.567624192159461
157,108,-22.777071883746505,-43.76304956363174,1396.2884521484375,1396.2884521484375,,3343.5502983033657,2.996852699888593
157,109,-22.777071883746505,-43.76250733111148,3396.179443359375,3396.179443359375,,3343.5502983033657,7.289217008475043
157,110,-22.777071883746505,-43.761965098591226,3396.179443359375,3396.179443359375,,3343.5502983033657,7.289217008475043
157,112,-22.777071883746505,-43.76088063355071,1821.2235107421875,1821.2235107421875,,3343.5502983033657,3.908890449441374
157,113,-22.777071883746505,-43.76033840103045,1821.2235107421875,1821.2235107421875,,3343.5502983033657,3.908890449441374
157,114,-22.777071883746505,-43.7597961685102,971.2723999023438,971.2723999023438,,3343.5502983033657,2.0846411137296816
157,115,-22.777071883746505,-43.75925393598994,1662.867431640625,1662.867431640625,,3343.5502983033657,3.569010933522526
157,116,-22.777071883746505,-43.758711703469686,1662.867431640625,1662.867431640625,,3343.5502983033657,3.569010933522526
157,117,-22.777071883746505,-43.758169470949426,2628.049560546875,2628.049560546875,,3343.5502983033657,5.640580503869024
157,118,-22.777071883746505,-43.75762723842917,2814.74560546875,2814.74560546875,,3343.5502983033657,6.041286063971416
157,119,-22.777071883746505,-43.75708500590891,2814.74560546875,2814.74560546875,,3343.5502983033657,6.041286063971416
157,120,-22.777071883746505,-43.75654277338866,3737.8115234375,3737.8115234375,,3343.5502983033657,8.022461647127862
157,121,-22.777071883746505,-43.756000540868406,2997.83740234375,2997.83740234375,,3343.5502983033657,6.434255829601166
157,122,-22.777071883746505,-43.755458308348146,3032.255126953125,3032.255126953125,,3343.5502983033657,6.508126562228742
157,123,-22.777071883746505,-43.75491607582789,2514.31005859375,2514.31005859375,,3343.5502983033657,5.396461508981017
157,124,-22.777071883746505,-43.75437384330763,1842.597900390625,1842.597900390625,,3343.5502983033657,3.9547662834983193
157,125,-22.777071883746505,-43.75383161078738,1686.18017578125,1686.18017578125,,3343.5502983033657,3.6190470561533075
157,126,-22.777071883746505,-43.75328937826712,1055.585205078125,1055.585205078125,,3343.5502983033657,2.2656016147188853
157,127,-22.777071883746505,-43.752747145746866,1055.585205078125,1055.585205078125,,3343.5502983033657,2.2656016147188853
157,128,-22.777071883746505,-43.752204913226606,602.4682006835938,602.4682006835938,,3343.5502983033657,1.2930769792141126
157,129,-22.777071883746505,-43.75166268070635,1719.2410888671875,1719.2410888671875,,3343.5502983033657,3.6900056653790188
157,130,-22.777071883746505,-43.75112044818609,1719.2410888671875,1719.2410888671875,,3343.5502983033657,3.6900056653790188
157,132,-22.777071883746505,-43.75003598314558,1877.092529296875,1877.092529296875,,3343.5502983033657,4.02880207575191
157,133,-22.777071883746505,-43.74949375062533,608.2720947265625,608.2720947265625,,3343.5502983033657,1.3055338719899394
157,135,-22.777071883746505,-43.74840928558481,1162.900390625,1162.900390625,,3343.5502983033657,2.495932104848161
157,136,-22.777071883746505,-43.74786705306456,1079.9288330078125,1079.9288330078125,,3343.5502983033657,2.3178503223365086
157,137,-22.777071883746505,-43.7473248205443,1729.1177978515625,1729.1177978515625,,3343.5502983033657,3.7112040373488613
157,139,-22.777071883746505,-43.74624035550379,601.070556640625,601.070556640625,,3343.5502983033657,1.2900772170108163
157,140,-22.777071883746505,-43.74569812298353,601.7496337890625,601.7496337890625,,3343.5502983033657,1.2915347197084832
157,141,-22.777071883746505,-43.74515589046327,601.7496337890625,601.7496337890625,,3343.5502983033657,1.2915347197084832
157,142,-22.777071883746505,-43.74461365794302,631.1818237304688,631.1818237304688,,3343.5502983033657,1.3547050035805726
157,145,-22.777071883746505,-43.74298696038225,599.4943237304688,599.4943237304688,,3343.5502983033657,1.2866941496759925
157,155,-22.777071883746505,-43.73756463517969,665.0830078125,665.0830078125,,3343.5502983033657,1.4274670857200695
158,104,-22.77761411626676,-43.76521849371276,730.384765625,730.384765625,,3343.5373145639896,1.5676181047307893
158,106,-22.77761411626676,-43.764134028672245,523.652587890625,523.652587890625,,3343.5373145639896,1.1239107330833091
158,108,-22.77761411626676,-43.76304956363174,525.1109619140625,525.1109619140625,,3343.5373145639896,1.1270408278363855
158,109,-22.77761411626676,-43.76250733111148,2643.544921875,2643.544921875,,3343.5373145639896,5.67381615175702
158,110,-22.77761411626676,-43.761965098591226,1904.0404052734375,1904.0404052734375,,3343.5373145639896,4.0866244093843465
158,111,-22.77761411626676,-43.761422866070966,2364.035888671875,2364.035888671875,,3343.5373145639896,5.07390848458371
158,112,-22.77761411626676,-43.76088063355071,1185.311279296875,1185.311279296875,,3343.5373145639896,2.5440226968279935
158,113,-22.77761411626676,-43.76033840103045,1679.9581298828125,1679.9581298828125,,3343.5373145639896,3.605678682715167
158,114,-22.77761411626676,-43.7597961685102,735.9217529296875,735.9217529296875,,3343.5373145639896,1.579502089656276
158,115,-22.77761411626676,-43.75925393598994,2324.026611328125,2324.026611328125,,3343.5373145639896,4.988036940607039
158,116,-22.77761411626676,-43.758711703469686,719.9754638671875,719.9754638671875,,3343.5373145639896,1.545276716107781
158,117,-22.77761411626676,-43.758169470949426,2092.990966796875,2092.990966796875,,3343.5373145639896,4.492167261705103
158,118,-22.77761411626676,-43.75762723842917,2646.506103515625,2646.506103515625,,3343.5373145639896,5.680171708676759
158,119,-22.77761411626676,-43.75708500590891,3755.06396484375,3755.06396484375,,3343.5373145639896,8.059459250459694
158,120,-22.77761411626676,-43.75654277338866,3060.840087890625,3060.840087890625,,3343.5373145639896,6.569452928494773
158,121,-22.77761411626676,-43.756000540868406,2997.83740234375,2997.83740234375,,3343.5373145639896,6.434230843974118
158,122,-22.77761411626676,-43.755458308348146,4238.05712890625,4238.05712890625,,3343.5373145639896,9.096103036146655
158,123,-22.77761411626676,-43.75491607582789,2119.976806640625,2119.976806640625,,3343.5373145639896,4.5500867215588805
158,124,-22.77761411626676,-43.75437384330763,1842.597900390625,1842.597900390625,,3343.5373145639896,3.954750926273173
158,125,-22.77761411626676,-43.75383161078738,2600.26318359375,2600.26318359375,,3343.5373145639896,5.5809209549687235
158,126,-22.77761411626676,-43.75328937826712,1960.0672607421875,1960.0672607421875,,3343.5373145639896,4.206874333968674
158,128,-22.77761411626676,-43.752204913226606,1647.656494140625,1647.656494140625,,3343.5373145639896,3.536349979016724
158,130,-22.77761411626676,-43.75112044818609,815.833740234375,815.833740234375,,3343.5373145639896,1.751016453016044
158,131,-22.77761411626676,-43.75057821566584,815.833740234375,815.833740234375,,3343.5373145639896,1.751016453016044
158,132,-22.77761411626676,-43.75003598314558,2089.00048828125,2089.00048828125,,3343.5373145639896,4.483602534369532
158,133,-22.77761411626676,-43.74949375062533,1352.1986083984375,1352.1986083984375,,3343.5373145639896,2.902211436328751
158,134,-22.77761411626676,-43.74895151810507,1352.1986083984375,1352.1986083984375,,3343.5373145639896,2.902211436328751
158,135,-22.77761411626676,-43.74840928558481,1150.205078125,1150.205078125,,3343.5373145639896,2.4686745801428653
158,141,-22.77761411626676,-43.74515589046327,1131.11572265625,1131.11572265625,,3343.5373145639896,2.427703272075059
158,142,-22.77761411626676,-43.74461365794302,1081.265380859375,1081.265380859375,,3343.5373145639896,2.3207099419760553
158,143,-22.77761411626676,-43.74407142542276,1081.265380859375,1081.265380859375,,3343.5373145639896,2.3207099419760553
158,146,-22.77761411626676,-43.742444727861994,633.4207763671875,633.4207763671875,,3343.5373145639896,1.359505186415197
158,148,-22.77761411626676,-43.74136026282148,1102.617919921875,1102.617919921875,,3343.5373145639896,2.3665387001754454
158,152,-22.77761411626676,-43.739191332740454,1765.1856689453125,1765.1856689453125,,3343.5373145639896,3.788601765922822
158,153,-22.77761411626676,-43.7386491002202,1161.585693359375,1161.585693359375,,3343.5373145639896,2.4931006899469423
158,154,-22.77761411626676,-43.73810686769994,1161.585693359375,1161.585693359375,,3343.5373145639896,2.4931006899469423
159,102,-22.778156348787018,-43.76630295875327,614.18212890625,614.18212890625,,3343.5243304669857,1.3182083352447438
159,105,-22.778156348787018,-43.764676261192506,577.9171142578125,577.9171142578125,,3343.5243304669857,1.2403733701140014
159,106,-22.778156348787018,-43.764134028672245,523.652587890625,523.652587890625,,3343.5243304669857,1.1239063685541864
159,108,-22.778156348787018,-43.76304956363174,2025.9759521484375,2025.9759521484375,,3343.5243304669857,4.348316666073381
159,109,-22.778156348787018,-43.76250733111148,2643.544921875,2643.544921875,,3343.5243304669857,5.673794118391645
159,110,-22.778156348787018,-43.761965098591226,1356.2734375,1356.2734375,,3343.5243304669857,2.9109459003103657
159,111,-22.778156348787018,-43.761422866070966,2364.035888671875,2364.035888671875,,3343.5243304669857,5.073888780864638
159,112,-22.778156348787018,-43.76088063355071,1423.8870849609375,1423.8870849609375,,3343.5243304669857,3.05606388643287
159,113,-22.778156348787018,-43.76033840103045,1831.177001953125,1831.177001953125,,3343.5243304669857,3.9302230945432606
159,114,-22.778156348787018,-43.7597961685102,735.9217529296875,735.9217529296875,,3343.5243304669857,1.5794959559103596
159,115,-22.778156348787018,-43.75925393598994,1434.340576171875,1434.340576171875,,3343.5243304669857,3.0785000313451376
159,116,-22.778156348787018,-43.758711703469686,1708.6190185546875,1708.6190185546875,,3343.5243304669857,3.6671790434988067
159,117,-22.778156348787018,-43.758169470949426,2092.990966796875,2092.990966796875,,3343.5243304669857,4.492149817085828
159,118,-22.778156348787018,-43.75762723842917,4432.75732421875,4432.75732421875,,3343.5243304669857,9.51394932852935
159,119,-22.778156348787018,-43.75708500590891,3269.36962890625,3269.36962890625,,3343.5243304669857,7.0169907149448765
159,120,-22.778156348787018,-43.75654277338866,3060.840087890625,3060.840087890625,,3343.5243304669857,6.569427417065989
159,121,-22.778156348787018,-43.756000540868406,4925.9365234375,4925.9365234375,,3343.5243304669857,10.572451197245753
159,122,-22.778156348787018,-43.755458308348146,4238.05712890625,4238.05712890625,,3343.5243304669857,9.09606771287281
159,123,-22.778156348787018,-43.75491607582789,2119.976806640625,2119.976806640625,,3343.5243304669857,4.550069052018567
159,124,-22.778156348787018,-43.75437384330763,2084.1640625,2084.1640625,,3343.5243304669857,4.4732047871494
159,125,-22.778156348787018,-43.75383161078738,2600.26318359375,2600.26318359375,,3343.5243304669857,5.580899282347116
159,126,-22.778156348787018,-43.75328937826712,1046.5982666015625,1046.5982666015625,,3343.5243304669857,2.246295510329755
159,127,-22.778156348787018,-43.752747145746866,1222.9493408203125,1222.9493408203125,,3343.5243304669857,2.624794729085117
159,128,-22.778156348787018,-43.752204913226606,1647.656494140625,1647.656494140625,,3343.5243304669857,3.53633624616231
159,129,-22.778156348787018,-43.75166268070635,1289.6378173828125,1289.6378173828125,,3343.5243304669857,2.7679270371286813
159,130,-22.778156348787018,-43.75112044818609,1685.9378662109375,1685.9378662109375,,3343.5243304669857,3.618498883876235
159,131,-22.778156348787018,-43.75057821566584,1639.484619140625,1639.484619140625,,3343.5243304669857,3.518797094121593
159,132,-22.778156348787018,-43.75003598314558,1271.10791015625,1271.10791015625,,3343.5243304669857,2.7281566221202445
159,135,-22.778156348787018,-43.74840928558481,1123.8958740234375,1123.8958740234375,,3343.5243304669857,2.4121980099343063
159,137,-22.778156348787018,-43.7473248205443,1368.1915283203125,1368.1915283203125,,3343.5243304669857,2.9365254896864315
159,139,-22.778156348787018,-43.74624035550379,1521.7041015625,1521.7041015625,,3343.5243304669857,3.2660068342073005
159,140,-22.778156348787018,-43.74569812298353,1172.907470703125,1172.907470703125,,3343.5243304669857,2.5173907406017912
159,142,-22.778156348787018,-43.74461365794302,1220.8392333984375,1220.8392333984375,,3343.5243304669857,2.620265842520588
159,146,-22.778156348787018,-43.742444727861994,642.1007080078125,642.1007080078125,,3343.5243304669857,1.3781294920934593
159,147,-22.778156348787018,-43.74190249534174,707.60888671875,707.60888671875,,3343.5243304669857,1.5187285475515533
159,148,-22.778156348787018,-43.74136026282148,1102.617919921875,1102.617919921875,,3343.5243304669857,2.366529510097646
159,151,-22.778156348787018,-43.739733565260714,1605.83984375,1605.83984375,,3343.5243304669857,3.446585902571067
159,155,-22.778156348787018,-43.73756463517969,508.4312438964844,508.4312438964844,,3343.5243304669857,1.0912370648047665
160,101,-22.778698581307275,-43.76684519127353,1974.2137451171875,1974.2137451171875,,3343.5113461613655,4.23720389373123
160,102,-22.778698581307275,-43.76630295875327,1974.2137451171875,1974.2137451171875,,3343.5113461613655,4.23720389373123
160,104,-22.778698581307275,-43.76521849371276,1145.9576416015625,1145.9576416015625,,3343.5113461613655,2.459539243435351
160,105,-22.778698581307275,-43.764676261192506,1145.9576416015625,1145.9576416015625,,3343.5113461613655,2.459539243435351
160,109,-22.778698581307275,-43.76250733111148,1836.1021728515625,1836.1021728515625,,3343.5113461613655,3.9407785987394197
160,110,-22.778698581307275,-43.761965098591226,1356.2734375,1356.2734375,,3343.5113461613655,2.9109345958880026
160,111,-22.778698581307275,-43.761422866070966,2223.294189453125,2223.294189453125,,3343.5113461613655,4.771798808391745
160,112,-22.778698581307275,-43.76088063355071,1987.046630859375,1987.046630859375,,3343.5113461613655,4.264746784448658
160,113,-22.778698581307275,-43.76033840103045,1987.046630859375,1987.046630859375,,3343.5113461613655,4.264746784448658
160,115,-22.778698581307275,-43.75925393598994,2035.9073486328125,2035.9073486328125,,3343.5113461613655,4.369615279115035
160,116,-22.778698581307275,-43.758711703469686,2035.9073486328125,2035.9073486328125,,3343.5113461613655,4.369615279115035
160,117,-22.778698581307275,-43.758169470949426,2988.482177734375,2988.482177734375,,3343.5113461613655,6.414101994356658
160,118,-22.778698581307275,-43.75762723842917,3969.0986328125,3969.0986328125,,3343.5113461613655,8.518773726072975
160,119,-22.778698581307275,-43.75708500590891,3969.0986328125,3969.0986328125,,3343.5113461613655,8.518773726072975
160,120,-22.778698581307275,-43.75654277338866,3047.300048828125,3047.300048828125,,3343.5113461613655,6.540341269630586
160,121,-22.778698581307275,-43.756000540868406,4581.82666015625,4581.82666015625,,3343.5113461613655,9.833856041592506
160,122,-22.778698581307275,-43.755458308348146,4581.82666015625,4581.82666015625,,3343.5113461613655,9.833856041592506
160,123,-22.778698581307275,-43.75491607582789,3183.16552734375,3183.16552734375,,3343.5113461613655,6.831945831706963
160,124,-22.778698581307275,-43.75437384330763,2084.1640625,2084.1640625,,3343.5113461613655,4.473187415821328
160,125,-22.778698581307275,-43.75383161078738,3126.376953125,3126.376953125,,3343.5113461613655,6.7100619838235875
160,126,-22.778698581307275,-43.75328937826712,1100.913330078125,1100.913330078125,,3343.5113461613655,2.3628618027835424
160,127,-22.778698581307275,-43.752747145746866,1222.9493408203125,1222.9493408203125,,3343.5113461613655,2.624784535907624
160,128,-22.778698581307275,-43.752204913226606,2024.0894775390625,2024.0894775390625,,3343.5113461613655,4.344250888081946
160,129,-22.778698581307275,-43.75166268070635,1517.15087890625,1517.15087890625,,3343.5113461613655,3.256221686926677
160,130,-22.778698581307275,-43.75112044818609,1517.15087890625,1517.15087890625,,3343.5113461613655,3.256221686926677
160,131,-22.778698581307275,-43.75057821566584,1476.785888671875,1476.785888671875,,3343.5113461613655,3.1695873525165674
160,132,-22.778698581307275,-43.75003598314558,3166.830322265625,3166.830322265625,,3343.5113461613655,6.796886003594065
160,133,-22.778698581307275,-43.74949375062533,3166.830322265625,3166.830322265625,,3343.5113461613655,6.796886003594065
160,134,-22.778698581307275,-43.74895151810507,1574.51025390625,1574.51025390625,,3343.5113461613655,3.379330629761822
160,135,-22.778698581307275,-43.74840928558481,1143.76611328125,1143.76611328125,,3343.5113461613655,2.454835622890201
160,136,-22.778698581307275,-43.74786705306456,1143.76611328125,1143.76611328125,,3343.5113461613655,2.454835622890201
160,139,-22.778698581307275,-43.74624035550379,705.8792724609375,705.8792724609375,,3343.5113461613655,1.5150104233511512
160,143,-22.778698581307275,-43.74407142542276,660.5264282226562,660.5264282226562,,3343.5113461613655,1.4176707869143559
160,145,-22.778698581307275,-43.74298696038225,1132.309326171875,1132.309326171875,,3343.5113461613655,2.4302462170725385
160,146,-22.778698581307275,-43.742444727861994,642.1007080078125,642.1007080078125,,3343.5113461613655,1.3781241402393256
160,147,-22.778698581307275,-43.74190249534174,707.60888671875,707.60888671875,,3343.5113461613655,1.5187226496923885
160,154,-22.778698581307275,-43.73810686769994,637.7066040039062,637.7066040039062,,3343.5113461613655,1.3686931884789797
161,101,-22.77924081382753,-43.76684519127353,990.7568359375,990.7568359375,,3343.498361468315,2.126427510732018
161,102,-22.77924081382753,-43.76630295875327,1027.1527099609375,1027.1527099609375,,3343.498361468315,2.2045427303230505
161,103,-22.77924081382753,-43.76576072623302,575.4255981445312,575.4255981445312,,3343.498361468315,1.2350162803733071
161,107,-22.77924081382753,-43.76359179615199,939.650390625,939.650390625,,3343.498361468315,2.016739495119803
161,108,-22.77924081382753,-43.76304956363174,668.0849609375,668.0849609375,,3343.498361468315,1.4338879015652268
161,109,-22.77924081382753,-43.76250733111148,668.0849609375,668.0849609375,,3343.498361468315,1.4338879015652268
161,110,-22.77924081382753,-43.761965098591226,1447.4010009765625,1447.4010009765625,,3343.498361468315,3.1065072638386315
161,111,-22.77924081382753,-43.761422866070966,1008.691162109375,1008.691162109375,,3343.498361468315,2.1649193415980954
161,112,-22.77924081382753,-43.76088063355071,1008.691162109375,1008.691162109375,,3343.498361468315,2.1649193415980954
161,113,-22.77924081382753,-43.76033840103045,644.3692016601562,644.3692016601562,,3343.498361468315,1.3829875785636474
161,115,-22.77924081382753,-43.75925393598994,1299.0770263671875,1299.0770263671875,,3343.498361468315,2.7881645901673004
161,116,-22.77924081382753,-43.758711703469686,3349.346435546875,3349.346435546875,,3343.498361468315,7.188587698998613
161,117,-22.77924081382753,-43.758169470949426,2407.8125,2407.8125,,3343.498361468315,5.167805615834706
161,118,-22.77924081382753,-43.75762723842917,1870.1600341796875,1870.1600341796875,,3343.498361468315,4.013860517437888
161,119,-22.77924081382753,-43.75708500590891,3346.30419921875,3346.30419921875,,3343.498361468315,7.182058251219277
161,120,-22.77924081382753,-43.75654277338866,3714.7216796875,3714.7216796875,,3343.498361468315,7.972780088795119
161,121,-22.77924081382753,-43.756000540868406,2075.569091796875,2075.569091796875,,3343.498361468315,4.4547229523232525
161,122,-22.77924081382753,-43.755458308348146,3117.797607421875,3117.797607421875,,3343.498361468315,6.691622368714665
161,123,-22.77924081382753,-43.75491607582789,2903.348876953125,2903.348876953125,,3343.498361468315,6.231358393166307
161,124,-22.77924081382753,-43.75437384330763,1083.527587890625,1083.527587890625,,3343.498361468315,2.325538202668607
161,125,-22.77924081382753,-43.75383161078738,1948.4271240234375,1948.4271240234375,,3343.498361468315,4.181842495448872
161,126,-22.77924081382753,-43.75328937826712,1948.4271240234375,1948.4271240234375,,3343.498361468315,4.181842495448872
161,127,-22.77924081382753,-43.752747145746866,1596.9354248046875,1596.9354248046875,,3343.498361468315,3.427447883267923
161,128,-22.77924081382753,-43.752204913226606,2243.053466796875,2243.053466796875,,3343.498361468315,4.81418893802171
161,129,-22.77924081382753,-43.75166268070635,2243.053466796875,2243.053466796875,,3343.498361468315,4.81418893802171
161,130,-22.77924081382753,-43.75112044818609,2144.3359375,2144.3359375,,3343.498361468315,4.602314881266162
161,131,-22.77924081382753,-43.75057821566584,2158.869384765625,2158.869384765625,,3343.498361468315,4.633507522053903
161,132,-22.77924081382753,-43.75003598314558,2158.869384765625,2158.869384765625,,3343.498361468315,4.633507522053903
161,133,-22.77924081382753,-43.74949375062533,1967.320556640625,1967.320556640625,,3343.498361468315,4.222392823674801
161,134,-22.77924081382753,-43.74895151810507,1574.51025390625,1574.51025390625,,3343.498361468315,3.379317505962798
161,135,-22.77924081382753,-43.74840928558481,1451.835693359375,1451.835693359375,,3343.498361468315,3.1160252924228335
161,136,-22.77924081382753,-43.74786705306456,1175.9288330078125,1175.9288330078125,,3343.498361468315,2.5238558347212363
161,144,-22.77924081382753,-43.74352919290251,1474.5616455078125,1474.5616455078125,,3343.498361468315,3.1648012262373997
161,145,-22.77924081382753,-43.74298696038225,640.0613403320312,640.0613403320312,,3343.498361468315,1.3737417631341977
161,146,-22.77924081382753,-43.742444727861994,640.0613403320312,640.0613403320312,,3343.498361468315,1.3737417631341977
161,150,-22.77924081382753,-43.74027579778097,634.8711547851562,634.8711547851562,,3343.498361468315,1.3626022454116322
161,154,-22.77924081382753,-43.73810686769994,637.7066040039062,637.7066040039062,,3343.498361468315,1.3686878730907268
162,101,-22.779783046347788,-43.76684519127353,1001.9924926757812,1001.9924926757812,,3343.485376507044,2.1505338645603054
162,103,-22.779783046347788,-43.76576072623302,575.4255981445312,575.4255981445312,,3343.485376507044,1.2350114840082917
162,107,-22.779783046347788,-43.76359179615199,868.1106567382812,868.1106567382812,,3343.485376507044,1.863188975114848
162,108,-22.779783046347788,-43.76304956363174,567.893310546875,567.893310546875,,3343.485376507044,1.218845255543735
162,109,-22.779783046347788,-43.76250733111148,1166.476318359375,1166.476318359375,,3343.485376507044,2.5035585028591267
162,111,-22.779783046347788,-43.761422866070966,803.8428344726562,803.8428344726562,,3343.485376507044,1.7252536819923567
162,113,-22.779783046347788,-43.76033840103045,512.2752075195312,512.2752075195312,,3343.485376507044,1.099474486883087
162,115,-22.779783046347788,-43.75925393598994,942.9608154296875,942.9608154296875,,3343.485376507044,2.0238366867595965
162,116,-22.779783046347788,-43.758711703469686,2822.285400390625,2822.285400390625,,3343.485376507044,6.057351101290223
162,117,-22.779783046347788,-43.758169470949426,2407.8125,2407.8125,,3343.485376507044,5.167785545911373
162,118,-22.779783046347788,-43.75762723842917,2807.23046875,2807.23046875,,3343.485376507044,6.02503934191232
162,119,-22.779783046347788,-43.75708500590891,2807.23046875,2807.23046875,,3343.485376507044,6.02503934191232
162,120,-22.779783046347788,-43.75654277338866,3714.7216796875,3714.7216796875,,3343.485376507044,7.972749125346215
162,121,-22.779783046347788,-43.756000540868406,2330.918212890625,2330.918212890625,,3343.485376507044,5.002750608395687
162,122,-22.779783046347788,-43.755458308348146,2330.918212890625,2330.918212890625,,3343.485376507044,5.002750608395687
162,123,-22.779783046347788,-43.75491607582789,2903.348876953125,2903.348876953125,,3343.485376507044,6.231334192781364
162,124,-22.779783046347788,-43.75437384330763,2658.93310546875,2658.93310546875,,3343.485376507044,5.7067550193325465
162,125,-22.779783046347788,-43.75383161078738,2658.93310546875,2658.93310546875,,3343.485376507044,5.7067550193325465
162,126,-22.779783046347788,-43.75328937826712,1427.8492431640625,1427.8492431640625,,3343.485376507044,3.064532093160799
162,127,-22.779783046347788,-43.752747145746866,1907.8018798828125,1907.8018798828125,,3343.485376507044,4.09463402126243
162,128,-22.779783046347788,-43.752204913226606,3150.694580078125,3150.694580078125,,3343.485376507044,6.762201753877862
162,129,-22.779783046347788,-43.75166268070635,1711.740234375,1711.740234375,,3343.485376507044,3.673835251523144
162,130,-22.779783046347788,-43.75112044818609,3017.2861328125,3017.2861328125,,3343.485376507044,6.475872878401978
162,131,-22.779783046347788,-43.75057821566584,2345.150634765625,2345.150634765625,,3343.485376507044,5.033297050051314
162,132,-22.779783046347788,-43.75003598314558,2399.230712890625,2399.230712890625,,3343.485376507044,5.149366821288124
162,133,-22.779783046347788,-43.74949375062533,2431.044677734375,2431.044677734375,,3343.485376507044,5.217647780738939
162,134,-22.779783046347788,-43.74895151810507,654.1739501953125,654.1739501953125,,3343.485376507044,1.4040257222400343
162,135,-22.779783046347788,-43.74840928558481,990.6495971679688,990.6495971679688,,3343.485376507044,2.1261890904327285
162,136,-22.779783046347788,-43.74786705306456,990.6495971679688,990.6495971679688,,3343.485376507044,2.1261890904327285
162,137,-22.779783046347788,-43.7473248205443,971.3046875,971.3046875,,3343.485376507044,2.084669933700595
162,138,-22.779783046347788,-43.74678258802405,872.6824951171875,872.6824951171875,,3343.485376507044,1.8730013173519426
162,139,-22.779783046347788,-43.74624035550379,872.6824951171875,872.6824951171875,,3343.485376507044,1.8730013173519426
162,140,-22.779783046347788,-43.74569812298353,2124.51220703125,2124.51220703125,,3343.485376507044,4.559750178059282
162,141,-22.779783046347788,-43.74515589046327,1836.8123779296875,1836.8123779296875,,3343.485376507044,3.9422722729515436
162,142,-22.779783046347788,-43.74461365794302,1836.8123779296875,1836.8123779296875,,3343.485376507044,3.9422722729515436
162,144,-22.779783046347788,-43.74352919290251,706.4037475585938,706.4037475585938,,3343.485376507044,1.516124314584681
162,145,-22.779783046347788,-43.74298696038225,1828.77001953125,1828.77001953125,,3343.485376507044,3.925011301224515
162,147,-22.779783046347788,-43.74190249534174,1281.783203125,1281.783203125,,3343.485376507044,2.7510367647403426
162,148,-22.779783046347788,-43.74136026282148,1138.119384765625,1138.119384765625,,3343.485376507044,2.4426972225259824
162,151,-22.779783046347788,-43.739733565260714,1147.6917724609375,1147.6917724609375,,3343.485376507044,2.463242031048945
163,107,-22.780325278868045,-43.76359179615199,868.1106567382812,868.1106567382812,,3343.4723912775517,1.8631817389724084
163,108,-22.780325278868045,-43.76304956363174,567.893310546875,567.893310546875,,3343.4723912775517,1.2188405218650804
163,109,-22.780325278868045,-43.76250733111148,882.9196166992188,882.9196166992188,,3343.4723912775517,1.894965456357081
163,111,-22.780325278868045,-43.761422866070966,823.2218017578125,823.2218017578125,,3343.4723912775517,1.766839073168451
163,112,-22.780325278868045,-43.76088063355071,533.2048950195312,533.2048950195312,,3343.4723912775517,1.1443905403301589
163,113,-22.780325278868045,-43.76033840103045,512.2752075195312,512.2752075195312,,3343.4723912775517,1.0994702168095185
163,114,-22.780325278868045,-43.7597961685102,514.503173828125,514.503173828125,,3343.4723912775517,1.1042519875538317
163,116,-22.780325278868045,-43.758711703469686,2822.285400390625,2822.285400390625,,3343.4723912775517,6.057327576110565
163,117,-22.780325278868045,-43.758169470949426,2457.6904296875,2457.6904296875,,3343.4723912775517,5.27481593861083
163,118,-22.780325278868045,-43.75762723842917,2179.666259765625,2179.666259765625,,3343.4723912775517,4.678106806692445
163,119,-22.780325278868045,-43.75708500590891,3136.58447265625,3136.58447265625,,3343.4723912775517,6.731891685508231
163,120,-22.780325278868045,-43.75654277338866,3152.781982421875,3152.781982421875,,3343.4723912775517,6.766655576698704
163,121,-22.780325278868045,-43.756000540868406,3651.182861328125,3651.182861328125,,3343.4723912775517,7.836348027837318
163,122,-22.780325278868045,-43.755458308348146,1001.4732666015625,1001.4732666015625,,3343.4723912775517,2.1494111239364946
163,123,-22.780325278868045,-43.75491607582789,2756.27099609375,2756.27099609375,,3343.4723912775517,5.9156442185335365
163,124,-22.780325278868045,-43.75437384330763,1675.8751220703125,1675.8751220703125,,3343.4723912775517,3.596845517334691
163,125,-22.780325278868045,-43.75383161078738,3984.04052734375,3984.04052734375,,3343.4723912775517,8.550743502865176
163,126,-22.780325278868045,-43.75328937826712,4549.33349609375,4549.33349609375,,3343.4723912775517,9.764003043419384
163,127,-22.780325278868045,-43.752747145746866,1907.8018798828125,1907.8018798828125,,3343.4723912775517,4.094618118766542
163,128,-22.780325278868045,-43.752204913226606,3441.125244140625,3441.125244140625,,3343.4723912775517,7.385512050375289
163,129,-22.780325278868045,-43.75166268070635,2685.414794921875,2685.414794921875,,3343.4723912775517,5.763569158641496
163,130,-22.780325278868045,-43.75112044818609,3017.2861328125,3017.2861328125,,3343.4723912775517,6.475847727792353
163,131,-22.780325278868045,-43.75057821566584,3170.917236328125,3170.917236328125,,3343.4723912775517,6.805578349558917
163,132,-22.780325278868045,-43.75003598314558,2350.510986328125,2350.510986328125,,3343.4723912775517,5.044782151892072
163,133,-22.780325278868045,-43.74949375062533,2431.044677734375,2431.044677734375,,3343.4723912775517,5.217627516749056
163,134,-22.780325278868045,-43.74895151810507,1201.6282958984375,1201.6282958984375,,3343.4723912775517,2.5789936807854135
163,136,-22.780325278868045,-43.74786705306456,780.053955078125,780.053955078125,,3343.4723912775517,1.6741901199272256
163,138,-22.780325278868045,-43.74678258802405,1512.557861328125,1512.557861328125,,3343.4723912775517,3.2463259890787715
163,141,-22.780325278868045,-43.74515589046327,1143.6614990234375,1143.6614990234375,,3343.4723912775517,2.4545824936102467
163,143,-22.780325278868045,-43.74407142542276,662.699462890625,662.699462890625,,3343.4723912775517,1.4223181435461665
163,144,-22.780325278868045,-43.74352919290251,706.4037475585938,706.4037475585938,,3343.4723912775517,1.5161184263513119
163,147,-22.780325278868045,-43.74190249534174,1281.783203125,1281.783203125,,3343.4723912775517,2.7510260804275046
163,151,-22.780325278868045,-43.739733565260714,572.428955078125,572.428955078125,,3343.4723912775517,1.2285751449796574
163,152,-22.780325278868045,-43.739191332740454,733.4429321289062,733.4429321289062,,3343.4723912775517,1.5741512526241714
164,103,-22.7808675113883,-43.76576072623302,598.15087890625,598.15087890625,,3343.4594056606293,1.2837758154952694
164,104,-22.7808675113883,-43.76521849371276,598.15087890625,598.15087890625,,3343.4594056606293,1.2837758154952694
164,105,-22.7808675113883,-43.764676261192506,562.8168334960938,562.8168334960938,,3343.4594056606293,1.2079404459241083
164,109,-22.7808675113883,-43.76250733111148,882.9196166992188,882.9196166992188,,3343.4594056606293,1.8949580965548702
164,110,-22.7808675113883,-43.761965098591226,633.078857421875,633.078857421875,,3343.4594056606293,1.358739667733503
164,112,-22.7808675113883,-43.76088063355071,533.2048950195312,533.2048950195312,,3343.4594056606293,1.1443860956644258
164,113,-22.7808675113883,-43.76033840103045,1330.066650390625,1330.066650390625,,3343.4594056606293,2.8546432998486133
164,114,-22.7808675113883,-43.7597961685102,1906.111572265625,1906.111572265625,,3343.4594056606293,4.090974408638797
164,115,-22.7808675113883,-43.75925393598994,1906.111572265625,1906.111572265625,,3343.4594056606293,4.090974408638797
164,116,-22.7808675113883,-43.758711703469686,966.0235595703125,966.0235595703125,,3343.4594056606293,2.0733191686397143
164,117,-22.7808675113883,-43.758169470949426,2868.832275390625,2868.832275390625,,3343.4594056606293,6.157204852048687
164,118,-22.7808675113883,-43.75762723842917,2868.832275390625,2868.832275390625,,3343.4594056606293,6.157204852048687
164,119,-22.7808675113883,-43.75708500590891,4534.17724609375,4534.17724609375,,3343.4594056606293,9.731436159297896
164,120,-22.7808675113883,-43.75654277338866,4012.157958984375,4012.157958984375,,3343.4594056606293,8.611057071602646
164,121,-22.7808675113883,-43.756000540868406,4012.157958984375,4012.157958984375,,3343.4594056606293,8.611057071602646
164,122,-22.7808675113883,-43.755458308348146,3407.425048828125,3407.425048828125,,3343.4594056606293,7.313154632150833
164,123,-22.7808675113883,-43.75491607582789,2756.27099609375,2756.27099609375,,3343.4594056606293,5.915621242931922
164,124,-22.7808675113883,-43.75437384330763,3835.1591796875,3835.1591796875,,3343.4594056606293,8.231175071514292
164,125,-22.7808675113883,-43.75383161078738,2665.381591796875,2665.381591796875,,3343.4594056606293,5.720550695958124
164,126,-22.7808675113883,-43.75328937826712,4549.33349609375,4549.33349609375,,3343.4594056606293,9.76396512128685
164,127,-22.7808675113883,-43.752747145746866,3737.26708984375,3737.26708984375,,3343.4594056606293,8.021075075173078
164,128,-22.7808675113883,-43.752204913226606,3992.182861328125,3992.182861328125,,3343.4594056606293,8.568185702208119
164,129,-22.7808675113883,-43.75166268070635,2685.414794921875,2685.414794921875,,3343.4594056606293,5.763546773679863
164,130,-22.7808675113883,-43.75112044818609,3231.703125,3231.703125,,3343.4594056606293,6.936013071353752
164,134,-22.7808675113883,-43.74895151810507,1201.6282958984375,1201.6282958984375,,3343.4594056606293,2.578983664305519
164,143,-22.7808675113883,-43.74407142542276,662.699462890625,662.699462890625,,3343.4594056606293,1.422312619445354
164,147,-22.7808675113883,-43.74190249534174,507.09881591796875,507.09881591796875,,3343.4594056606293,1.088356163802961
164,148,-22.7808675113883,-43.74136026282148,740.2671508789062,740.2671508789062,,3343.4594056606293,1.5887915554712018
164,149,-22.7808675113883,-43.74081803030123,571.9291381835938,571.9291381835938,,3343.4594056606293,1.2274976459446574
164,151,-22.7808675113883,-43.739733565260714,572.428955078125,572.428955078125,,3343.4594056606293,1.228570373351743
164,153,-22.7808675113883,-43.7386491002202,796.8046264648438,796.8046264648438,,3343.4594056606293,1.7101345917952473
165,102,-22.781409743908554,-43.76630295875327,527.6793823242188,527.6793823242188,,3343.4464198350906,1.1325226162493536
165,106,-22.781409743908554,-43.764134028672245,857.1537475585938,857.1537475585938,,3343.4464198350906,1.839651192050075
165,107,-22.781409743908554,-43.76359179615199,692.3663940429688,692.3663940429688,,3343.4464198350906,1.4859792257391844
165,112,-22.781409743908554,-43.76088063355071,843.19580078125,843.19580078125,,3343.4464198350906,1.8096941936695057
165,116,-22.781409743908554,-43.758711703469686,2282.867919921875,2282.867919921875,,3343.4464198350906,4.899565220520802
165,117,-22.781409743908554,-43.758169470949426,2282.867919921875,2282.867919921875,,3343.4464198350906,4.899565220520802
165,118,-22.781409743908554,-43.75762723842917,3327.923583984375,3327.923583984375,,3343.4464198350906,7.1424976041534585
165,119,-22.781409743908554,-43.75708500590891,2636.473388671875,2636.473388671875,,3343.4464198350906,5.6584847538649585
165,120,-22.781409743908554,-43.75654277338866,2832.056396484375,2832.056396484375,,3343.4464198350906,6.078251352904892
165,121,-22.781409743908554,-43.756000540868406,3460.203125,3460.203125,,3343.4464198350906,7.426400248231435
165,122,-22.781409743908554,-43.755458308348146,3407.425048828125,3407.425048828125,,3343.4464198350906,7.313126228231817
165,123,-22.781409743908554,-43.75491607582789,3174.37939453125,3174.37939453125,,3343.4464198350906,6.812956081451903
165,124,-22.781409743908554,-43.75437384330763,4046.320068359375,4046.320068359375,,3343.4464198350906,8.68434345457332
165,125,-22.781409743908554,-43.75383161078738,4046.320068359375,4046.320068359375,,3343.4464198350906,8.68434345457332
165,126,-22.781409743908554,-43.75328937826712,4323.26318359375,4323.26318359375,,3343.4464198350906,9.27872775671528
165,127,-22.781409743908554,-43.752747145746866,3022.351318359375,3022.351318359375,,3343.4464198350906,6.486668490280225
165,128,-22.781409743908554,-43.752204913226606,3022.351318359375,3022.351318359375,,3343.4464198350906,6.486668490280225
165,129,-22.781409743908554,-43.75166268070635,1321.63818359375,1321.63818359375,,3343.4464198350906,2.8365427635733864
165,130,-22.781409743908554,-43.75112044818609,1973.839111328125,1973.839111328125,,3343.4464198350906,4.236317561945472
165,131,-22.781409743908554,-43.75057821566584,1973.839111328125,1973.839111328125,,3343.4464198350906,4.236317561945472
165,132,-22.781409743908554,-43.75003598314558,913.8931884765625,913.8931884765625,,3343.4464198350906,1.9614272216343835
165,134,-22.781409743908554,-43.74895151810507,1100.770263671875,1100.770263671875,,3343.4464198350906,2.362508865539099
165,135,-22.781409743908554,-43.74840928558481,629.28271484375,629.28271484375,,3343.4464198350906,1.3505869860525532
165,137,-22.781409743908554,-43.7473248205443,1554.43798828125,1554.43798828125,,3343.4464198350906,3.336185259942579
165,138,-22.781409743908554,-43.74678258802405,1039.6839599609375,1039.6839599609375,,3343.4464198350906,2.231403457950506
165,141,-22.781409743908554,-43.74515589046327,827.0759887695312,827.0759887695312,,3343.4464198350906,1.7750973299592943
165,142,-22.781409743908554,-43.74461365794302,827.0759887695312,827.0759887695312,,3343.4464198350906,1.7750973299592943
165,144,-22.781409743908554,-43.74352919290251,965.6300048828125,965.6300048828125,,3343.4464198350906,2.0724664561307917
165,145,-22.781409743908554,-43.74298696038225,965.6300048828125,965.6300048828125,,3343.4464198350906,2.0724664561307917
165,146,-22.781409743908554,-43.742444727861994,615.7050170898438,615.7050170898438,,3343.4464198350906,1.3214460904671184
165,147,-22.781409743908554,-43.74190249534174,507.09881591796875,507.09881591796875,,3343.4464198350906,1.088351936683217
165,151,-22.781409743908554,-43.739733565260714,1134.5826416015625,1134.5826416015625,,3343.4464198350906,2.435078088437054
166,106,-22.78195197642881,-43.764134028672245,600.072998046875,600.072998046875,,3343.4334336817265,1.2878911415892844
166,107,-22.78195197642881,-43.76359179615199,600.072998046875,600.072998046875,,3343.4334336817265,1.2878911415892844
166,111,-22.78195197642881,-43.761422866070966,784.1068725585938,784.1068725585938,,3343.4334336817265,1.6828690817856236
166,113,-22.78195197642881,-43.76033840103045,1321.8017578125,1321.8017578125,,3343.4334336817265,2.836882813198811
166,114,-22.78195197642881,-43.7597961685102,897.4073486328125,897.4073486328125,,3343.4334336817265,1.9260372962341539
166,115,-22.78195197642881,-43.75925393598994,1449.3447265625,1449.3447265625,,3343.4334336817265,3.1106186089432692
166,116,-22.78195197642881,-43.758711703469686,2566.251708984375,2566.251708984375,,3343.4334336817265,5.507751313334654
166,117,-22.78195197642881,-43.758169470949426,2398.798828125,2398.798828125,,3343.4334336817265,5.148359901632525
166,118,-22.78195197642881,-43.75762723842917,2462.76171875,2462.76171875,,3343.4334336817265,5.285638600215038
166,119,-22.78195197642881,-43.75708500590891,2636.473388671875,2636.473388671875,,3343.4334336817265,5.658462775959051
166,120,-22.78195197642881,-43.75654277338866,3064.75,3064.75,,3343.4334336817265,6.577640368809651
166,121,-22.78195197642881,-43.756000540868406,3064.75,3064.75,,3343.4334336817265,6.577640368809651
166,122,-22.78195197642881,-43.755458308348146,4715.6689453125,4715.6689453125,,3343.4334336817265,10.120882427809619
166,123,-22.78195197642881,-43.75491607582789,5170.38427734375,5170.38427734375,,3343.4334336817265,11.09680344070967
166,124,-22.78195197642881,-43.75437384330763,5170.38427734375,5170.38427734375,,3343.4334336817265,11.09680344070967
166,125,-22.78195197642881,-43.75383161078738,4194.53955078125,4194.53955078125,,3343.4334336817265,9.00242195212903
166,126,-22.78195197642881,-43.75328937826712,3789.50341796875,3789.50341796875,,3343.4334336817265,8.133123634806559
166,127,-22.78195197642881,-43.752747145746866,3789.50341796875,3789.50341796875,,3343.4334336817265,8.133123634806559
166,128,-22.78195197642881,-43.752204913226606,2132.11669921875,2132.11669921875,,3343.4334336817265,4.576000284458581
166,129,-22.78195197642881,-43.75166268070635,1513.4129638671875,1513.4129638671875,,3343.4334336817265,3.2481234051105874
166,130,-22.78195197642881,-43.75112044818609,2150.857177734375,2150.857177734375,,3343.4334336817265,4.616221551451054
166,131,-22.78195197642881,-43.75057821566584,1015.645263671875,1015.645263671875,,3343.4334336817265,2.1798023612752906
166,132,-22.78195197642881,-43.75003598314558,1395.1448974609375,1395.1448974609375,,3343.4334336817265,2.9942936284779713
166,133,-22.78195197642881,-43.74949375062533,1734.22119140625,1734.22119140625,,3343.4334336817265,3.722027348736085
166,134,-22.78195197642881,-43.74895151810507,723.7021484375,723.7021484375,,3343.4334336817265,1.5532270059733337
166,135,-22.78195197642881,-43.74840928558481,723.7021484375,723.7021484375,,3343.4334336817265,1.5532270059733337
166,136,-22.78195197642881,-43.74786705306456,1074.7359619140625,1074.7359619140625,,3343.4334336817265,2.3066242430532373
166,140,-22.78195197642881,-43.74569812298353,804.7067260742188,804.7067260742188,,3343.4334336817265,1.7270809842494268
166,141,-22.78195197642881,-43.74515589046327,804.7067260742188,804.7067260742188,,3343.4334336817265,1.7270809842494268
166,142,-22.78195197642881,-43.74461365794302,1088.0604248046875,1088.0604248046875,,3343.4334336817265,2.335221526682271
166,145,-22.78195197642881,-43.74298696038225,645.7272338867188,645.7272338867188,,3343.4334336817265,1.3858753636848267
166,150,-22.78195197642881,-43.74027579778097,636.3638916015625,636.3638916015625,,3343.4334336817265,1.3657795326376525
167,105,-22.782494208949068,-43.764676261192506,801.5198364257812,801.5198364257812,,3343.4204472005367,1.7202345231030431
167,106,-22.782494208949068,-43.764134028672245,932.7587890625,932.7587890625,,3343.4204472005367,2.001901634560083
167,107,-22.782494208949068,-43.76359179615199,583.851806640625,583.851806640625,,3343.4204472005367,1.253071962183792
167,108,-22.782494208949068,-43.76304956363174,1202.01416015625,1202.01416015625,,3343.4204472005367,2.579781761584586
167,110,-22.782494208949068,-43.761965098591226,703.6786499023438,703.6786499023438,,3343.4204472005367,1.5102462243860388
167,111,-22.782494208949068,-43.761422866070966,634.11376953125,634.11376953125,,3343.4204472005367,1.3609449802103188
167,113,-22.782494208949068,-43.76033840103045,1750.436767578125,1750.436767578125,,3343.4204472005367,3.756815017235839
167,114,-22.782494208949068,-43.7597961685102,1451.7437744140625,1451.7437744140625,,3343.4204472005367,3.115755401118178
167,115,-22.782494208949068,-43.75925393598994,1449.3447265625,1449.3447265625,,3343.4204472005367,3.1106065267556455
167,116,-22.782494208949068,-43.758711703469686,1307.9439697265625,1307.9439697265625,,3343.4204472005367,2.8071299907452953
167,117,-22.782494208949068,-43.758169470949426,3102.545654296875,3102.545654296875,,3343.4204472005367,6.658732449872445
167,118,-22.782494208949068,-43.75762723842917,2462.76171875,2462.76171875,,3343.4204472005367,5.285618069868728
167,119,-22.782494208949068,-43.75708500590891,4269.8359375,4269.8359375,,3343.4204472005367,9.163989278702882
167,120,-22.782494208949068,-43.75654277338866,4527.41259765625,4527.41259765625,,3343.4204472005367,9.716804371991458
167,121,-22.782494208949068,-43.756000540868406,4644.7353515625,4644.7353515625,,3343.4204472005367,9.968604318097647
167,122,-22.782494208949068,-43.755458308348146,4463.54541015625,4463.54541015625,,3343.4204472005367,9.57973160618079
167,123,-22.782494208949068,-43.75491607582789,3902.057861328125,3902.057861328125,,3343.4204472005367,8.374658167083085
167,124,-22.782494208949068,-43.75437384330763,3701.7802734375,3701.7802734375,,3343.4204472005367,7.944819247026414
167,125,-22.782494208949068,-43.75383161078738,1468.4820556640625,1468.4820556640625,,3343.4204472005367,3.1516793645125945
167,126,-22.782494208949068,-43.75328937826712,2461.345703125,2461.345703125,,3343.4204472005367,5.28257899478577
167,127,-22.782494208949068,-43.752747145746866,1577.6947021484375,1577.6947021484375,,3343.4204472005367,3.386073270070372
167,128,-22.782494208949068,-43.752204913226606,2308.486572265625,2308.486572265625,,3343.4204472005367,4.954510315601969
167,129,-22.782494208949068,-43.75166268070635,1513.4129638671875,1513.4129638671875,,3343.4204472005367,3.248110788830246
167,130,-22.782494208949068,-43.75112044818609,2277.90380859375,2277.90380859375,,3343.4204472005367,4.888873105530085
167,131,-22.782494208949068,-43.75057821566584,2593.044921875,2593.044921875,,3343.4204472005367,5.565233936639387
167,132,-22.782494208949068,-43.75003598314558,1395.1448974609375,1395.1448974609375,,3343.4204472005367,2.9942819981169504
167,133,-22.782494208949068,-43.74949375062533,1722.6346435546875,1722.6346435546875,,3343.4204472005367,3.697145659863499
167,134,-22.782494208949068,-43.74895151810507,602.3272094726562,602.3272094726562,,3343.4204472005367,1.2927241633340736
167,135,-22.782494208949068,-43.74840928558481,2330.48046875,2330.48046875,,3343.4204472005367,5.001713963360324
167,137,-22.782494208949068,-43.7473248205443,1170.7215576171875,1170.7215576171875,,3343.4204472005367,2.512621084132754
167,139,-22.782494208949068,-43.74624035550379,1173.3060302734375,1173.3060302734375,,3343.4204472005367,2.5181679201376155
167,141,-22.782494208949068,-43.74515589046327,661.3814086914062,661.3814086914062,,3343.4204472005367,1.419467217733458
167,147,-22.782494208949068,-43.74190249534174,730.0671997070312,730.0671997070312,,3343.4204472005367,1.5668817464600466
167,148,-22.782494208949068,-43.74136026282148,730.0671997070312,730.0671997070312,,3343.4204472005367,1.5668817464600466
167,152,-22.782494208949068,-43.739191332740454,693.18017578125,693.18017578125,,3343.4204472005367,1.487714233532832
168,103,-22.783036441469324,-43.76576072623302,2116.69677734375,2116.69677734375,,3343.407460540533,4.542870385090842
168,105,-22.783036441469324,-43.764676261192506,801.5198364257812,801.5198364257812,,3343.407460540533,1.7202278412928338
168,108,-22.783036441469324,-43.76304956363174,1202.01416015625,1202.01416015625,,3343.407460540533,2.579771741083381
168,109,-22.783036441469324,-43.76250733111148,977.5640869140625,977.5640869140625,,3343.407460540533,2.0980553225687917
168,110,-22.783036441469324,-43.761965098591226,1889.034912109375,1889.034912109375,,3343.407460540533,4.054260794686658
168,111,-22.783036441469324,-43.761422866070966,634.11376953125,634.11376953125,,3343.407460540533,1.3609396939682739
168,113,-22.783036441469324,-43.76033840103045,1638.2886962890625,1638.2886962890625,,3343.407460540533,3.5161073991619745
168,114,-22.783036441469324,-43.7597961685102,1451.7437744140625,1451.7437744140625,,3343.407460540533,3.1157432987647087
168,115,-22.783036441469324,-43.75925393598994,1036.88427734375,1036.88427734375,,3343.407460540533,2.2253687569848224
168,116,-22.783036441469324,-43.758711703469686,2225.67919921875,2225.67919921875,,3343.407460540533,4.776769270434593
168,117,-22.783036441469324,-43.758169470949426,2225.67919921875,2225.67919921875,,3343.407460540533,4.776769270434593
168,118,-22.783036441469324,-43.75762723842917,2635.5146484375,2635.5146484375,,3343.407460540533,5.656361163304896
168,119,-22.783036441469324,-43.75708500590891,3451.497314453125,3451.497314453125,,3343.407460540533,7.407629237157997
168,120,-22.783036441469324,-43.75654277338866,3451.497314453125,3451.497314453125,,3343.407460540533,7.407629237157997
168,121,-22.783036441469324,-43.756000540868406,3856.0615234375,3856.0615234375,,3343.407460540533,8.275907954986057
168,122,-22.783036441469324,-43.755458308348146,4463.54541015625,4463.54541015625,,3343.407460540533,9.579694396168092
168,123,-22.783036441469324,-43.75491607582789,2009.1090087890625,2009.1090087890625,,3343.407460540533,4.311964715088149
168,124,-22.783036441469324,-43.75437384330763,1276.538818359375,1276.538818359375,,3343.407460540533,2.739717117451766
168,125,-22.783036441469324,-43.75383161078738,1468.4820556640625,1468.4820556640625,,3343.407460540533,3.1516671226216944
168,126,-22.783036441469324,-43.75328937826712,1231.55126953125,1231.55126953125,,3343.407460540533,2.6431645051661343
168,127,-22.783036441469324,-43.752747145746866,3066.1171875,3066.1171875,,3343.407460540533,6.580523539035803
168,128,-22.783036441469324,-43.752204913226606,2308.486572265625,2308.486572265625,,3343.407460540533,4.9544910710762
168,129,-22.783036441469324,-43.75166268070635,1496.4603271484375,1496.4603271484375,,3343.407460540533,3.2117142972160164
168,130,-22.783036441469324,-43.75112044818609,2277.90380859375,2277.90380859375,,3343.407460540533,4.888854115955239
168,131,-22.783036441469324,-43.75057821566584,2593.044921875,2593.044921875,,3343.407460540533,5.565212319914205
168,132,-22.783036441469324,-43.75003598314558,1945.2509765625,1945.2509765625,,3343.407460540533,4.174912130817542
168,133,-22.783036441469324,-43.74949375062533,1722.6346435546875,1722.6346435546875,,3343.407460540533,3.6971312992485457
168,134,-22.783036441469324,-43.74895151810507,602.3272094726562,602.3272094726562,,3343.407460540533,1.2927191420783108
168,135,-22.783036441469324,-43.74840928558481,759.8368530273438,759.8368530273438,,3343.407460540533,1.6307675119391776
168,138,-22.783036441469324,-43.74678258802405,862.313720703125,862.313720703125,,3343.407460540533,1.850704128418268
168,139,-22.783036441469324,-43.74624035550379,1173.3060302734375,1173.3060302734375,,3343.407460540533,2.5181581389595893
168,141,-22.783036441469324,-43.74515589046327,847.189453125,847.189453125,,3343.407460540533,1.8182443127222876
168,144,-22.783036441469324,-43.74352919290251,987.975341796875,987.975341796875,,3343.407460540533,2.120400035323594
168,147,-22.783036441469324,-43.74190249534174,587.119384765625,587.119384765625,,3343.407460540533,1.2600799954500805
168,148,-22.783036441469324,-43.74136026282148,1109.680908203125,1109.680908203125,,3343.407460540533,2.3816054282006442
168,149,-22.783036441469324,-43.74081803030123,769.0912475585938,769.0912475585938,,3343.407460540533,1.6506293623931287
168,151,-22.783036441469324,-43.739733565260714,902.8510131835938,902.8510131835938,,3343.407460540533,1.9377055673926233
169,107,-22.78357867398958,-43.76359179615199,698.451416015625,698.451416015625,,3343.394473463297,1.4990158071552564
169,109,-22.78357867398958,-43.76250733111148,644.41064453125,644.41064453125,,3343.394473463297,1.3830335515131105
169,110,-22.78357867398958,-43.761965098591226,644.41064453125,644.41064453125,,3343.394473463297,1.3830335515131105
169,114,-22.78357867398958,-43.7597961685102,1318.3931884765625,1318.3931884765625,,3343.394473463297,2.829534287218017
169,115,-22.78357867398958,-43.75925393598994,536.8579711914062,536.8579711914062,,3343.394473463297,1.1522040997554739
169,116,-22.78357867398958,-43.758711703469686,536.8579711914062,536.8579711914062,,3343.394473463297,1.1522040997554739
169,117,-22.78357867398958,-43.758169470949426,1076.1343994140625,1076.1343994140625,,3343.394473463297,2.3095986898380354
169,118,-22.78357867398958,-43.75762723842917,2635.5146484375,2635.5146484375,,3343.394473463297,5.656339191828142
169,119,-22.78357867398958,-43.75708500590891,1322.0748291015625,1322.0748291015625,,3343.394473463297,2.837435821049279
169,120,-22.78357867398958,-43.75654277338866,2600.0107421875,2600.0107421875,,3343.394473463297,5.580140739846883
169,121,-22.78357867398958,-43.756000540868406,3856.0615234375,3856.0615234375,,3343.394473463297,8.275875808184605
169,122,-22.78357867398958,-43.755458308348146,2696.051025390625,2696.051025390625,,3343.394473463297,5.786262310143665
169,123,-22.78357867398958,-43.75491607582789,3012.2314453125,3012.2314453125,,3343.394473463297,6.464848445854606
169,124,-22.78357867398958,-43.75437384330763,3012.2314453125,3012.2314453125,,3343.394473463297,6.464848445854606
169,125,-22.78357867398958,-43.75383161078738,1164.7510986328125,1164.7510986328125,,3343.394473463297,2.4997877707974725
169,126,-22.78357867398958,-43.75328937826712,1300.855224609375,1300.855224609375,,3343.394473463297,2.7918943247819707
169,127,-22.78357867398958,-43.752747145746866,1300.855224609375,1300.855224609375,,3343.394473463297,2.7918943247819707
169,128,-22.78357867398958,-43.752204913226606,1492.715087890625,1492.715087890625,,3343.394473463297,3.203663792525173
169,129,-22.78357867398958,-43.75166268070635,1719.517822265625,1719.517822265625,,3343.394473463297,3.690427619096833
169,130,-22.78357867398958,-43.75112044818609,1719.517822265625,1719.517822265625,,3343.394473463297,3.690427619096833
169,131,-22.78357867398958,-43.75057821566584,1249.07080078125,1249.07080078125,,3343.394473463297,2.6807546404706284
169,132,-22.78357867398958,-43.75003598314558,1945.2509765625,1945.2509765625,,3343.394473463297,4.174895913857169
169,133,-22.78357867398958,-43.74949375062533,670.8530883789062,670.8530883789062,,3343.394473463297,1.4397843009547369
169,134,-22.78357867398958,-43.74895151810507,1318.37939453125,1318.37939453125,,3343.394473463297,2.8295046826648695
169,135,-22.78357867398958,-43.74840928558481,759.8368530273438,759.8368530273438,,3343.394473463297,1.6307611774125361
169,136,-22.78357867398958,-43.74786705306456,1074.8387451171875,1074.8387451171875,,3343.394473463297,2.306817957739726
169,137,-22.78357867398958,-43.7473248205443,672.4849243164062,672.4849243164062,,3343.394473463297,1.4432865457908213
169,138,-22.78357867398958,-43.74678258802405,862.313720703125,862.313720703125,,3343.394473463297,1.8506969395734323
169,149,-22.78357867398958,-43.74081803030123,769.0912475585938,769.0912475585938,,3343.394473463297,1.6506229507154406
170,107,-22.784120906509838,-43.76359179615199,698.451416015625,698.451416015625,,3343.381486147642,1.4990099842732683
170,110,-22.784120906509838,-43.761965098591226,980.4163818359375,980.4163818359375,,3343.381486147642,2.1041605921581605
170,112,-22.784120906509838,-43.76088063355071,1459.5965576171875,1459.5965576171875,,3343.381486147642,3.1325726639089675
170,113,-22.784120906509838,-43.76033840103045,1319.433837890625,1319.433837890625,,3343.381486147642,2.8317567281469973
170,114,-22.784120906509838,-43.7597961685102,1181.3074951171875,1181.3074951171875,,3343.381486147642,2.5353112458116844
170,115,-22.784120906509838,-43.75925393598994,2479.511962890625,2479.511962890625,,3343.381486147642,5.321505695701686
170,116,-22.784120906509838,-43.758711703469686,1126.8896484375,1126.8896484375,,3343.381486147642,2.418520165394319
170,117,-22.784120906509838,-43.758169470949426,977.800048828125,977.800048828125,,3343.381486147642,2.0985454423983283
170,118,-22.784120906509838,-43.75762723842917,1665.3026123046875,1665.3026123046875,,3343.381486147642,3.5740571003799606
170,119,-22.784120906509838,-43.75708500590891,1043.6146240234375,1043.6146240234375,,3343.381486147642,2.239796076395568
170,120,-22.784120906509838,-43.75654277338866,1043.6146240234375,1043.6146240234375,,3343.381486147642,2.239796076395568
170,121,-22.784120906509838,-43.756000540868406,1913.864013671875,1913.864013671875,,3343.381486147642,4.107517286458291
170,122,-22.784120906509838,-43.755458308348146,2583.0986328125,2583.0986328125,,3343.381486147642,5.543822450868858
170,123,-22.784120906509838,-43.75491607582789,2583.0986328125,2583.0986328125,,3343.381486147642,5.543822450868858
170,124,-22.784120906509838,-43.75437384330763,1760.2308349609375,1760.2308349609375,,3343.381486147642,3.7777911759192264
170,125,-22.784120906509838,-43.75383161078738,1810.792236328125,1810.792236328125,,3343.381486147642,3.886305588991254
170,126,-22.784120906509838,-43.75328937826712,1810.792236328125,1810.792236328125,,3343.381486147642,3.886305588991254
170,127,-22.784120906509838,-43.752747145746866,2485.49560546875,2485.49560546875,,3343.381486147642,5.334347734190347
170,128,-22.784120906509838,-43.752204913226606,2062.309814453125,2062.309814453125,,3343.381486147642,4.426110294349847
170,129,-22.784120906509838,-43.75166268070635,1887.59765625,1887.59765625,,3343.381486147642,4.051144672525471
170,130,-22.784120906509838,-43.75112044818609,2750.596435546875,2750.596435546875,,3343.381486147642,5.9033046895547985
170,131,-22.784120906509838,-43.75057821566584,1716.603271484375,1716.603271484375,,3343.381486147642,3.6841581017478657
170,132,-22.784120906509838,-43.75003598314558,1757.1513671875,1757.1513671875,,3343.381486147642,3.7711820505988656
170,133,-22.784120906509838,-43.74949375062533,2089.65283203125,2089.65283203125,,3343.381486147642,4.484793626375409
170,134,-22.784120906509838,-43.74895151810507,2089.65283203125,2089.65283203125,,3343.381486147642,4.484793626375409
170,135,-22.784120906509838,-43.74840928558481,810.9078979492188,810.9078979492188,,3343.381486147642,1.7403630481360985
170,136,-22.784120906509838,-43.74786705306456,974.5013427734375,974.5013427734375,,3343.381486147642,2.0914657899017133
170,137,-22.784120906509838,-43.7473248205443,974.5013427734375,974.5013427734375,,3343.381486147642,2.0914657899017133
170,141,-22.784120906509838,-43.74515589046327,761.893798828125,761.893798828125,,3343.381486147642,1.6351694408673068
170,143,-22.784120906509838,-43.74407142542276,681.531982421875,681.531982421875,,3343.381486147642,1.4626976520140516
170,144,-22.784120906509838,-43.74352919290251,843.6682739257812,843.6682739257812,,3343.381486147642,1.8106730647691163
170,149,-22.784120906509838,-43.74081803030123,1281.74755859375,1281.74755859375,,3343.381486147642,2.750874783260422
170,150,-22.784120906509838,-43.74027579778097,1524.649658203125,1524.649658203125,,3343.381486147642,3.2721890281258768
170,151,-22.784120906509838,-43.739733565260714,1524.649658203125,1524.649658203125,,3343.381486147642,3.2721890281258768
171,105,-22.784663139030094,-43.764676261192506,689.0426025390625,689.0426025390625,,3343.368498504162,1.478811131020099
171,109,-22.784663139030094,-43.76250733111148,878.2225952148438,878.2225952148438,,3343.368498504162,1.8848259084871952
171,110,-22.784663139030094,-43.761965098591226,613.4398803710938,613.4398803710938,,3343.368498504162,1.316553896611906
171,112,-22.784663139030094,-43.76088063355071,1468.0931396484375,1468.0931396484375,,3343.368498504162,3.1507957102888664
171,114,-22.784663139030094,-43.7597961685102,1181.3074951171875,1181.3074951171875,,3343.368498504162,2.5353013971842664
171,116,-22.784663139030094,-43.758711703469686,728.6051025390625,728.6051025390625,,3343.368498504162,1.5637194736325806
171,117,-22.784663139030094,-43.758169470949426,977.800048828125,977.800048828125,,3343.368498504162,2.0985372904240034
171,118,-22.784663139030094,-43.75762723842917,1917.8814697265625,1917.8814697265625,,3343.368498504162,4.116123524086512
171,119,-22.784663139030094,-43.75708500590891,3384.333740234375,3384.333740234375,,3343.368498504162,7.263397629846483
171,120,-22.784663139030094,-43.75654277338866,2068.80078125,2068.80078125,,3343.368498504162,4.440023899686433
171,121,-22.784663139030094,-43.756000540868406,2653.44482421875,2653.44482421875,,3343.368498504162,5.694776675844083
171,122,-22.784663139030094,-43.755458308348146,2437.955810546875,2437.955810546875,,3343.368498504162,5.232297939614641
171,123,-22.784663139030094,-43.75491607582789,2887.77392578125,2887.77392578125,,3343.368498504162,6.197689677791476
171,124,-22.784663139030094,-43.75437384330763,885.7354125976562,885.7354125976562,,3343.368498504162,1.900949785196828
171,125,-22.784663139030094,-43.75383161078738,2457.60546875,2457.60546875,,3343.368498504162,5.274469690917746
171,126,-22.784663139030094,-43.75328937826712,2025.386474609375,2025.386474609375,,3343.368498504162,4.34684887731612
171,127,-22.784663139030094,-43.752747145746866,2370.481689453125,2370.481689453125,,3343.368498504162,5.08748616605877
171,128,-22.784663139030094,-43.752204913226606,2062.309814453125,2062.309814453125,,3343.368498504162,4.426093100756252
171,129,-22.784663139030094,-43.75166268070635,3086.000732421875,3086.000732421875,,3343.368498504162,6.6231205684889884
171,130,-22.784663139030094,-43.75112044818609,3086.000732421875,3086.000732421875,,3343.368498504162,6.6231205684889884
171,131,-22.784663139030094,-43.75057821566584,1716.603271484375,1716.603271484375,,3343.368498504162,3.6841437903292764
171,134,-22.784663139030094,-43.74895151810507,1730.3834228515625,1730.3834228515625,,3343.368498504162,3.713718509154857
171,135,-22.784663139030094,-43.74840928558481,553.5005493164062,553.5005493164062,,3343.368498504162,1.187913157094576
171,136,-22.784663139030094,-43.74786705306456,921.9982299804688,921.9982299804688,,3343.368498504162,1.978776406932909
171,137,-22.784663139030094,-43.7473248205443,1030.5079345703125,1030.5079345703125,,3343.368498504162,2.2116580290269026
171,139,-22.784663139030094,-43.74624035550379,1373.4908447265625,1373.4908447265625,,3343.368498504162,2.9477619265503865
171,140,-22.784663139030094,-43.74569812298353,1030.468017578125,1030.468017578125,,3343.368498504162,2.2115723598793835
171,141,-22.784663139030094,-43.74515589046327,537.796142578125,537.796142578125,,3343.368498504162,1.1542086351897483
171,143,-22.784663139030094,-43.74407142542276,1048.570068359375,1048.570068359375,,3343.368498504162,2.250422663316298
171,144,-22.784663139030094,-43.74352919290251,1048.570068359375,1048.570068359375,,3343.368498504162,2.250422663316298
171,149,-22.784663139030094,-43.74081803030123,799.9446411132812,799.9446411132812,,3343.368498504162,1.7168271382916926
171,150,-22.784663139030094,-43.74027579778097,799.9446411132812,799.9446411132812,,3343.368498504162,1.7168271382916926
171,151,-22.784663139030094,-43.739733565260714,645.5912475585938,645.5912475585938,,3343.368498504162,1.3855565961535414
172,105,-22.78520537155035,-43.764676261192506,547.7152709960938,547.7152709960938,,3343.355510622263,1.1754923279608445
172,110,-22.78520537155035,-43.761965098591226,613.4398803710938,613.4398803710938,,3343.355510622263,1.3165487822350341
172,112,-22.78520537155035,-43.76088063355071,943.3788452148438,943.3788452148438,,3343.355510622263,2.024655242666255
172,114,-22.78520537155035,-43.7597961685102,510.4124450683594,510.4124450683594,,3343.355510622263,1.095433969154151
172,116,-22.78520537155035,-43.758711703469686,728.6051025390625,728.6051025390625,,3343.355510622263,1.5637133990991108
172,117,-22.78520537155035,-43.758169470949426,1096.5638427734375,1096.5638427734375,,3343.355510622263,2.3534169167042096
172,118,-22.78520537155035,-43.75762723842917,1917.8814697265625,1917.8814697265625,,3343.355510622263,4.116107534306673
172,119,-22.78520537155035,-43.75708500590891,3384.333740234375,3384.333740234375,,3343.355510622263,7.263369413946666
172,120,-22.78520537155035,-43.75654277338866,3351.620361328125,3351.620361328125,,3343.355510622263,7.193160807463889
172,121,-22.78520537155035,-43.756000540868406,2653.44482421875,2653.44482421875,,3343.355510622263,5.6947545535183695
172,122,-22.78520537155035,-43.755458308348146,1993.2532958984375,1993.2532958984375,,3343.355510622263,4.277868595392862
172,123,-22.78520537155035,-43.75491607582789,2938.38427734375,2938.38427734375,,3343.355510622263,6.306284227453981
172,124,-22.78520537155035,-43.75437384330763,885.7354125976562,885.7354125976562,,3343.355510622263,1.9009424006350255
172,125,-22.78520537155035,-43.75383161078738,787.6778564453125,787.6778564453125,,3343.355510622263,1.6904938134593508
172,126,-22.78520537155035,-43.75328937826712,1561.620849609375,1561.620849609375,,3343.355510622263,3.351510219098141
172,127,-22.78520537155035,-43.752747145746866,2370.481689453125,2370.481689453125,,3343.355510622263,5.087466402856024
172,128,-22.78520537155035,-43.752204913226606,1574.803466796875,1574.803466796875,,3343.355510622263,3.3798024106563016
172,129,-22.78520537155035,-43.75166268070635,1627.987060546875,1627.987060546875,,3343.355510622263,3.4939436620273208
172,130,-22.78520537155035,-43.75112044818609,2211.1435546875,2211.1435546875,,3343.355510622263,4.745499025119866
172,131,-22.78520537155035,-43.75057821566584,2563.155029296875,2563.155029296875,,3343.355510622263,5.500976934298803
172,132,-22.78520537155035,-43.75003598314558,2410.814697265625,2410.814697265625,,3343.355510622263,5.174028059537524
172,133,-22.78520537155035,-43.74949375062533,930.107421875,930.107421875,,3343.355510622263,1.996172457644148
172,135,-22.78520537155035,-43.74840928558481,553.5005493164062,553.5005493164062,,3343.355510622263,1.1879085424444717
172,137,-22.78520537155035,-43.7473248205443,554.3087768554688,554.3087768554688,,3343.355510622263,1.1896431394544964
172,140,-22.78520537155035,-43.74569812298353,856.4220581054688,856.4220581054688,,3343.355510622263,1.8380308384839517
172,141,-22.78520537155035,-43.74515589046327,537.796142578125,537.796142578125,,3343.355510622263,1.154204151470575
172,142,-22.78520537155035,-43.74461365794302,1202.1463623046875,1202.1463623046875,,3343.355510622263,2.5800153853758006
172,145,-22.78520537155035,-43.74298696038225,1058.947509765625,1058.947509765625,,3343.355510622263,2.2726857171225583
173,105,-22.785747604070608,-43.764676261192506,672.638671875,672.638671875,,3343.342522352934,1.443594087125909
173,114,-22.785747604070608,-43.7597961685102,1304.23583984375,1304.23583984375,,3343.342522352934,2.799106303786857
173,115,-22.785747604070608,-43.75925393598994,1304.23583984375,1304.23583984375,,3343.342522352934,2.799106303786857
173,116,-22.785747604070608,-43.758711703469686,2348.36474609375,2348.36474609375,,3343.342522352934,5.039980012487108
173,117,-22.785747604070608,-43.758169470949426,1096.5638427734375,1096.5638427734375,,3343.342522352934,2.3534077741488755
173,118,-22.785747604070608,-43.75762723842917,3529.94287109375,3529.94287109375,,3343.342522352934,7.575842528349564
173,119,-22.785747604070608,-43.75708500590891,5284.27587890625,5284.27587890625,,3343.342522352934,11.34093196316959
173,120,-22.785747604070608,-43.75654277338866,3351.620361328125,3351.620361328125,,3343.342522352934,7.193132863468822
173,121,-22.785747604070608,-43.756000540868406,1869.618408203125,1869.618408203125,,3343.342522352934,4.0125110138855495
173,122,-22.785747604070608,-43.755458308348146,3602.1640625,3602.1640625,,3343.342522352934,7.730841176566783
173,123,-22.785747604070608,-43.75491607582789,3602.1640625,3602.1640625,,3343.342522352934,7.730841176566783
173,124,-22.785747604070608,-43.75437384330763,1494.295166015625,1494.295166015625,,3343.342522352934,3.2070051221822413
173,125,-22.785747604070608,-43.75383161078738,515.430908203125,515.430908203125,,3343.342522352934,1.1062001673645128
173,126,-22.785747604070608,-43.75328937826712,515.430908203125,515.430908203125,,3343.342522352934,1.1062001673645128
173,127,-22.785747604070608,-43.752747145746866,1714.2183837890625,1714.2183837890625,,3343.342522352934,3.678996802224148
173,128,-22.785747604070608,-43.752204913226606,1340.8277587890625,1340.8277587890625,,3343.342522352934,2.8776386273578396
173,129,-22.785747604070608,-43.75166268070635,1340.8277587890625,1340.8277587890625,,3343.342522352934,2.8776386273578396
173,131,-22.785747604070608,-43.75057821566584,2563.155029296875,2563.155029296875,,3343.342522352934,5.500955564100579
173,132,-22.785747604070608,-43.75003598314558,610.6558227539062,610.6558227539062,,3343.342522352934,1.3105686185708445
173,133,-22.785747604070608,-43.74949375062533,1135.57177734375,1135.57177734375,,3343.342522352934,2.437125267732358
173,137,-22.785747604070608,-43.7473248205443,554.3087768554688,554.3087768554688,,3343.342522352934,1.189638517928173
173,139,-22.785747604070608,-43.74624035550379,531.2333984375,531.2333984375,,3343.342522352934,1.140114930844612
173,140,-22.785747604070608,-43.74569812298353,531.2333984375,531.2333984375,,3343.342522352934,1.140114930844612
173,141,-22.785747604070608,-43.74515589046327,1125.7674560546875,1125.7674560546875,,3343.342522352934,2.4160835690715894
173,144,-22.785747604070608,-43.74352919290251,1396.38623046875,1396.38623046875,,3343.342522352934,2.996876317012195
173,145,-22.785747604070608,-43.74298696038225,1058.947509765625,1058.947509765625,,3343.342522352934,2.2726768881918327
173,147,-22.785747604070608,-43.74190249534174,649.280517578125,649.280517578125,,3343.342522352934,1.393463616132993
173,149,-22.785747604070608,-43.74081803030123,633.424560546875,633.424560546875,,3343.342522352934,1.3594341040440885
174,106,-22.786289836590864,-43.764134028672245,900.9488525390625,900.9488525390625,,3343.3295337855816,1.933578067966878
174,110,-22.786289836590864,-43.761965098591226,956.4071655273438,956.4071655273438,,3343.3295337855816,2.052600338075085
174,113,-22.786289836590864,-43.76033840103045,823.0533447265625,823.0533447265625,,3343.3295337855816,1.7664020456267393
174,114,-22.786289836590864,-43.7597961685102,683.2881469726562,683.2881469726562,,3343.3295337855816,1.4664439289363254
174,117,-22.786289836590864,-43.758169470949426,3154.47119140625,3154.47119140625,,3343.3295337855816,6.769991764290548
174,118,-22.786289836590864,-43.75762723842917,1193.4578857421875,1193.4578857421875,,3343.3295337855816,2.561348500982925
174,119,-22.786289836590864,-43.75708500590891,1193.4578857421875,1193.4578857421875,,3343.3295337855816,2.561348500982925
174,120,-22.786289836590864,-43.75654277338866,5304.25927734375,5304.25927734375,,3343.3295337855816,11.383775423629874
174,121,-22.786289836590864,-43.756000540868406,2121.53857421875,2121.53857421875,,3343.3295337855816,4.553155760057131
174,122,-22.786289836590864,-43.755458308348146,2121.53857421875,2121.53857421875,,3343.3295337855816,4.553155760057131
174,123,-22.786289836590864,-43.75491607582789,3249.84814453125,3249.84814453125,,3343.3295337855816,6.974685720259607
174,124,-22.786289836590864,-43.75437384330763,2472.593017578125,2472.593017578125,,3343.3295337855816,5.306573859685132
174,125,-22.786289836590864,-43.75383161078738,2472.593017578125,2472.593017578125,,3343.3295337855816,5.306573859685132
174,126,-22.786289836590864,-43.75328937826712,2144.7734375,2144.7734375,,3343.3295337855816,4.603021434369521
174,127,-22.786289836590864,-43.752747145746866,1827.64599609375,1827.64599609375,,3343.3295337855816,3.922416021836416
174,128,-22.786289836590864,-43.752204913226606,703.1101684570312,703.1101684570312,,3343.3295337855816,1.508985107491513
174,129,-22.786289836590864,-43.75166268070635,931.0890502929688,931.0890502929688,,3343.3295337855816,1.998263677118715
174,130,-22.786289836590864,-43.75112044818609,1641.4610595703125,1641.4610595703125,,3343.3295337855816,3.5228338381941815
174,132,-22.786289836590864,-43.75003598314558,1502.5064697265625,1502.5064697265625,,3343.3295337855816,3.224615413687604
174,133,-22.786289836590864,-43.74949375062533,1502.5064697265625,1502.5064697265625,,3343.3295337855816,3.224615413687604
174,138,-22.786289836590864,-43.74678258802405,942.5535278320312,942.5535278320312,,3343.3295337855816,2.0228682506944042
174,139,-22.786289836590864,-43.74624035550379,942.5535278320312,942.5535278320312,,3343.3295337855816,2.0228682506944042
174,140,-22.786289836590864,-43.74569812298353,500.85296630859375,500.85296630859375,,3343.3295337855816,1.0749093116675699
174,141,-22.786289836590864,-43.74515589046327,1125.7674560546875,1125.7674560546875,,3343.3295337855816,2.4160741828169785
174,142,-22.786289836590864,-43.74461365794302,1511.6619873046875,1511.6619873046875,,3343.3295337855816,3.2442645957028287
174,144,-22.786289836590864,-43.74352919290251,1396.38623046875,1396.38623046875,,3343.3295337855816,2.996864674433061
175,109,-22.78683206911112,-43.76250733111148,602.8414916992188,602.8414916992188,,3343.3165450692177,1.2937877161959432
175,110,-22.78683206911112,-43.761965098591226,956.4071655273438,956.4071655273438,,3343.3165450692177,2.0525923637957533
175,113,-22.78683206911112,-43.76033840103045,823.0533447265625,823.0533447265625,,3343.3165450692177,1.7663951832175981
175,115,-22.78683206911112,-43.75925393598994,1114.76953125,1114.76953125,,3343.3165450692177,2.3924616101911695
175,117,-22.78683206911112,-43.758169470949426,1926.2926025390625,1926.2926025390625,,3343.3165450692177,4.134111107613701
175,118,-22.78683206911112,-43.75762723842917,1926.2926025390625,1926.2926025390625,,3343.3165450692177,4.134111107613701
175,120,-22.78683206911112,-43.75654277338866,4124.716796875,4124.716796875,,3343.3165450692177,8.852257182135938
175,121,-22.78683206911112,-43.756000540868406,3879.378173828125,3879.378173828125,,3343.3165450692177,8.32572392061179
175,122,-22.78683206911112,-43.755458308348146,2934.6943359375,2934.6943359375,,3343.3165450692177,6.298291565704233
175,123,-22.78683206911112,-43.75491607582789,3112.5615234375,3112.5615234375,,3343.3165450692177,6.68002106752266
175,124,-22.78683206911112,-43.75437384330763,1287.6531982421875,1287.6531982421875,,3343.3165450692177,2.763495734028489
175,125,-22.78683206911112,-43.75383161078738,528.1556396484375,528.1556396484375,,3343.3165450692177,1.133500743106938
175,126,-22.78683206911112,-43.75328937826712,528.1556396484375,528.1556396484375,,3343.3165450692177,1.133500743106938
175,127,-22.78683206911112,-43.752747145746866,1827.64599609375,1827.64599609375,,3343.3165450692177,3.9224007833896364
175,128,-22.78683206911112,-43.752204913226606,2197.13623046875,2197.13623046875,,3343.3165450692177,4.715381912046336
175,129,-22.78683206911112,-43.75166268070635,2197.13623046875,2197.13623046875,,3343.3165450692177,4.715381912046336
175,130,-22.78683206911112,-43.75112044818609,1641.4610595703125,1641.4610595703125,,3343.3165450692177,3.522820152109978
175,131,-22.78683206911112,-43.75057821566584,1342.5653076171875,1342.5653076171875,,3343.3165450692177,2.8813453073541915
175,132,-22.78683206911112,-43.75003598314558,1342.5653076171875,1342.5653076171875,,3343.3165450692177,2.8813453073541915
175,135,-22.78683206911112,-43.74840928558481,1279.7781982421875,1279.7781982421875,,3343.3165450692177,2.7465948099790762
175,137,-22.78683206911112,-43.7473248205443,1013.4300537109375,1013.4300537109375,,3343.3165450692177,2.174971983131507
175,138,-22.78683206911112,-43.74678258802405,1689.5257568359375,1689.5257568359375,,3343.3165450692177,3.625974158198147
175,140,-22.78683206911112,-43.74569812298353,864.4777221679688,864.4777221679688,,3343.3165450692177,1.8552980729866653
175,141,-22.78683206911112,-43.74515589046327,1190.64990234375,1190.64990234375,,3343.3165450692177,2.5553121992320214
175,144,-22.78683206911112,-43.74352919290251,1174.3724365234375,1174.3724365234375,,3343.3165450692177,2.5203783308452263
176,109,-22.787374301631377,-43.76250733111148,602.8414916992188,602.8414916992188,,3343.303555905819,1.293782689684148
176,111,-22.787374301631377,-43.761422866070966,707.5482788085938,707.5482788085938,,3343.303555905819,1.5184981920506355
176,115,-22.787374301631377,-43.75925393598994,1114.76953125,1114.76953125,,3343.303555905819,2.392452315206875
176,116,-22.787374301631377,-43.758711703469686,700.611572265625,700.611572265625,,3343.303555905819,1.5036110434845749
176,117,-22.787374301631377,-43.758169470949426,2034.5155029296875,2034.5155029296875,,3343.303555905819,4.366356622476454
176,118,-22.787374301631377,-43.75762723842917,737.6201171875,737.6201171875,,3343.303555905819,1.5830365897510716
176,119,-22.787374301631377,-43.75708500590891,2697.564697265625,2697.564697265625,,3343.303555905819,5.789353516109096
176,120,-22.787374301631377,-43.75654277338866,4124.716796875,4124.716796875,,3343.303555905819,8.852222790114293
176,121,-22.787374301631377,-43.756000540868406,3553.06787109375,3553.06787109375,,3343.303555905819,7.625383737169129
176,122,-22.787374301631377,-43.755458308348146,7761.7275390625,7761.7275390625,,3343.303555905819,16.657759743408878
176,123,-22.787374301631377,-43.75491607582789,3112.5615234375,3112.5615234375,,3343.303555905819,6.67999511488432
176,124,-22.787374301631377,-43.75437384330763,4670.796875,4670.796875,,3343.303555905819,10.024187497235012
176,125,-22.787374301631377,-43.75383161078738,912.8952026367188,912.8952026367188,,3343.303555905819,1.9592015926740165
176,126,-22.787374301631377,-43.75328937826712,2325.89013671875,2325.89013671875,,3343.303555905819,4.991687596870357
176,127,-22.787374301631377,-43.752747145746866,2117.414794921875,2117.414794921875,,3343.303555905819,4.544270170968695
176,128,-22.787374301631377,-43.752204913226606,542.5087280273438,542.5087280273438,,3343.303555905819,1.1643000871521667
176,129,-22.787374301631377,-43.75166268070635,638.9833984375,638.9833984375,,3343.303555905819,1.3713483084314013
176,130,-22.787374301631377,-43.75112044818609,2080.171875,2080.171875,,3343.303555905819,4.464341622964478
176,131,-22.787374301631377,-43.75057821566584,1117.2313232421875,1117.2313232421875,,3343.303555905819,2.397735667313442
176,132,-22.787374301631377,-43.75003598314558,1237.0706787109375,1237.0706787109375,,3343.303555905819,2.6549277912519393
176,133,-22.787374301631377,-43.74949375062533,777.37841796875,777.37841796875,,3343.303555905819,1.668363499113345
176,135,-22.787374301631377,-43.74840928558481,1147.5145263671875,1147.5145263671875,,3343.303555905819,2.4627276835080774
176,136,-22.787374301631377,-43.74786705306456,811.2025756835938,811.2025756835938,,3343.303555905819,1.7409549022386719
176,137,-22.787374301631377,-43.7473248205443,1013.4300537109375,1013.4300537109375,,3343.303555905819,2.174963533119043
176,139,-22.787374301631377,-43.74624035550379,1296.8101806640625,1296.8101806640625,,3343.303555905819,2.783137170635315
176,140,-22.787374301631377,-43.74569812298353,864.4777221679688,864.4777221679688,,3343.303555905819,1.8552908649435444
176,142,-22.787374301631377,-43.74461365794302,985.2603149414062,985.2603149414062,,3343.303555905819,2.114507308896295
176,144,-22.787374301631377,-43.74352919290251,846.5192260742188,846.5192260742188,,3343.303555905819,1.8167494047109984
176,145,-22.787374301631377,-43.74298696038225,890.8759765625,890.8759765625,,3343.303555905819,1.9119452343653554
176,149,-22.787374301631377,-43.74081803030123,530.857177734375,530.857177734375,,3343.303555905819,1.139294220295629
177,110,-22.787916534151634,-43.761965098591226,824.784423828125,824.784423828125,,3343.2905665636063,1.7700965827956747
177,111,-22.787916534151634,-43.761422866070966,824.784423828125,824.784423828125,,3343.2905665636063,1.7700965827956747
177,115,-22.787916534151634,-43.75925393598994,502.9647216796875,502.9647216796875,,3343.2905665636063,1.0794288900120153
177,116,-22.787916534151634,-43.758711703469686,700.611572265625,700.611572265625,,3343.2905665636063,1.503605201682276
177,118,-22.787916534151634,-43.75762723842917,1384.4830322265625,1384.4830322265625,,3343.2905665636063,2.971283905809455
177,119,-22.787916534151634,-43.75708500590891,2697.564697265625,2697.564697265625,,3343.2905665636063,5.7893310234180335
177,120,-22.787916534151634,-43.75654277338866,2359.170166015625,2359.170166015625,,3343.2905665636063,5.063091552718243
177,121,-22.787916534151634,-43.756000540868406,3530.6533203125,3530.6533203125,,3343.2905665636063,7.577249517291683
177,122,-22.787916534151634,-43.755458308348146,7761.7275390625,7761.7275390625,,3343.2905665636063,16.657695024983468
177,123,-22.787916534151634,-43.75491607582789,5376.01513671875,5376.01513671875,,3343.2905665636063,11.537640318661879
177,124,-22.787916534151634,-43.75437384330763,3041.505859375,3041.505859375,,3343.2905665636063,6.527474298368442
177,125,-22.787916534151634,-43.75383161078738,3041.505859375,3041.505859375,,3343.2905665636063,6.527474298368442
177,127,-22.787916534151634,-43.752747145746866,671.5772094726562,671.5772094726562,,3343.2905665636063,1.4412936147042543
177,128,-22.787916534151634,-43.752204913226606,671.5772094726562,671.5772094726562,,3343.2905665636063,1.4412936147042543
177,129,-22.787916534151634,-43.75166268070635,1009.8272094726562,1009.8272094726562,,3343.2905665636063,2.16722290220424
177,130,-22.787916534151634,-43.75112044818609,2080.171875,2080.171875,,3343.2905665636063,4.464324278185542
177,132,-22.787916534151634,-43.75003598314558,1357.5997314453125,1357.5997314453125,,3343.2905665636063,2.9135887827295424
177,133,-22.787916534151634,-43.74949375062533,777.37841796875,777.37841796875,,3343.2905665636063,1.6683570172178
177,135,-22.787916534151634,-43.74840928558481,981.0840454101562,981.0840454101562,,3343.2905665636063,2.105536266259271
177,136,-22.787916534151634,-43.74786705306456,811.2025756835938,811.2025756835938,,3343.2905665636063,1.7409481383123266
177,137,-22.787916534151634,-43.7473248205443,732.1784057617188,732.1784057617188,,3343.2905665636063,1.5713518061122835
177,139,-22.787916534151634,-43.74624035550379,1296.8101806640625,1296.8101806640625,,3343.2905665636063,2.7831263576413616
177,142,-22.787916534151634,-43.74461365794302,985.2603149414062,985.2603149414062,,3343.2905665636063,2.1144990936509287
177,144,-22.787916534151634,-43.74352919290251,846.5192260742188,846.5192260742188,,3343.2905665636063,1.8167423463092296
177,148,-22.787916534151634,-43.74136026282148,500.8522033691406,500.8522033691406,,3343.2905665636063,1.074895146000172
178,115,-22.788458766671887,-43.75925393598994,1747.1295166015625,1747.1295166015625,,3343.2775768339634,3.749556710846226
178,117,-22.788458766671887,-43.758169470949426,567.227294921875,567.227294921875,,3343.2775768339634,1.217340151396745
178,118,-22.788458766671887,-43.75762723842917,567.227294921875,567.227294921875,,3343.2775768339634,1.217340151396745
178,119,-22.788458766671887,-43.75708500590891,2985.103515625,2985.103515625,,3343.2775768339634,6.406402509502639
178,120,-22.788458766671887,-43.75654277338866,4191.67431640625,4191.67431640625,,3343.2775768339634,8.995853148503075
178,121,-22.788458766671887,-43.756000540868406,4191.67431640625,4191.67431640625,,3343.2775768339634,8.995853148503075
178,122,-22.788458766671887,-43.755458308348146,1704.6043701171875,1704.6043701171875,,3343.2775768339634,3.658292470350557
178,123,-22.788458766671887,-43.75491607582789,2336.70751953125,2336.70751953125,,3343.2775768339634,5.014864254703876
178,124,-22.788458766671887,-43.75437384330763,2336.70751953125,2336.70751953125,,3343.2775768339634,5.014864254703876
178,125,-22.788458766671887,-43.75383161078738,1759.5333251953125,1759.5333251953125,,3343.2775768339634,3.776176823042152
178,127,-22.788458766671887,-43.752747145746866,1370.5103759765625,1370.5103759765625,,3343.2775768339634,2.941285307527217
178,128,-22.788458766671887,-43.752204913226606,744.0795288085938,744.0795288085938,,3343.2775768339634,1.5968869875625944
178,129,-22.788458766671887,-43.75166268070635,1009.8272094726562,1009.8272094726562,,3343.2775768339634,2.1672144818653507
178,131,-22.788458766671887,-43.75057821566584,1105.9349365234375,1105.9349365234375,,3343.2775768339634,2.3734735883043476
178,132,-22.788458766671887,-43.75003598314558,1105.9349365234375,1105.9349365234375,,3343.2775768339634,2.3734735883043476
178,134,-22.788458766671887,-43.74895151810507,1216.3875732421875,1216.3875732421875,,3343.2775768339634,2.61051865067902
178,135,-22.788458766671887,-43.74840928558481,1216.3875732421875,1216.3875732421875,,3343.2775768339634,2.61051865067902
178,141,-22.788458766671887,-43.74515589046327,1523.7843017578125,1523.7843017578125,,3343.2775768339634,3.2702301691129403
178,144,-22.788458766671887,-43.74352919290251,696.0444946289062,696.0444946289062,,3343.2775768339634,1.493797844455152
178,147,-22.788458766671887,-43.74190249534174,516.4182739257812,516.4182739257812,,3343.2775768339634,1.108297688409797
179,115,-22.789000999192144,-43.75925393598994,1747.1295166015625,1747.1295166015625,,3343.2645868062973,3.7495421422546897
179,116,-22.789000999192144,-43.758711703469686,1975.0137939453125,1975.0137939453125,,3343.2645868062973,4.238608175046412
179,117,-22.789000999192144,-43.758169470949426,1975.0137939453125,1975.0137939453125,,3343.2645868062973,4.238608175046412
179,118,-22.789000999192144,-43.75762723842917,1696.068603515625,1696.068603515625,,3343.2645868062973,3.639959513366285
179,119,-22.789000999192144,-43.75708500590891,7049.625,7049.625,,3343.2645868062973,15.129311120567774
179,120,-22.789000999192144,-43.75654277338866,5584.806640625,5584.806640625,,3343.2645868062973,11.985641394290981
179,121,-22.789000999192144,-43.756000540868406,5479.86328125,5479.86328125,,3343.2645868062973,11.760420799717238
179,122,-22.789000999192144,-43.755458308348146,4432.10205078125,4432.10205078125,,3343.2645868062973,9.511803939128109
179,123,-22.789000999192144,-43.75491607582789,2734.94970703125,2734.94970703125,,3343.2645868062973,5.869518593794913
179,124,-22.789000999192144,-43.75437384330763,1043.0169677734375,1043.0169677734375,,3343.2645868062973,2.2384351237797113
179,125,-22.789000999192144,-43.75383161078738,933.6896362304688,933.6896362304688,,3343.2645868062973,2.003806017565546
179,126,-22.789000999192144,-43.75328937826712,595.9514770507812,595.9514770507812,,3343.2645868062973,1.2789808406919765
179,130,-22.789000999192144,-43.75112044818609,991.0211791992188,991.0211791992188,,3343.2645868062973,2.126846143897999
179,131,-22.789000999192144,-43.75057821566584,991.0211791992188,991.0211791992188,,3343.2645868062973,2.126846143897999
179,132,-22.789000999192144,-43.75003598314558,1553.58642578125,1553.58642578125,,3343.2645868062973,3.334176270132866
179,136,-22.789000999192144,-43.74786705306456,1011.4864501953125,1011.4864501953125,,3343.2645868062973,2.170766983952134
179,137,-22.789000999192144,-43.7473248205443,1698.4873046875,1698.4873046875,,3343.2645868062973,3.6451503260034084
179,138,-22.789000999192144,-43.74678258802405,715.876953125,715.876953125,,3343.2645868062973,1.53635479161973
179,139,-22.789000999192144,-43.74624035550379,820.5419311523438,820.5419311523438,,3343.2645868062973,1.76097794760364
179,141,-22.789000999192144,-43.74515589046327,960.3463745117188,960.3463745117188,,3343.2645868062973,2.0610144629674756
179,142,-22.789000999192144,-43.74461365794302,960.3463745117188,960.3463745117188,,3343.2645868062973,2.0610144629674756
180,116,-22.7895432317124,-43.758711703469686,1697.947998046875,1697.947998046875,,3343.251596570015,3.6439787528227887
180,117,-22.7895432317124,-43.758169470949426,4847.37255859375,4847.37255859375,,3343.251596570015,10.40298208829139
180,118,-22.7895432317124,-43.75762723842917,10552.2490234375,10552.2490234375,,3343.251596570015,22.64625964996116
180,119,-22.7895432317124,-43.75708500590891,7049.625,7049.625,,3343.251596570015,15.12925233571209
180,120,-22.7895432317124,-43.75654277338866,7286.80908203125,7286.80908203125,,3343.251596570015,15.638274847840753
180,121,-22.7895432317124,-43.756000540868406,2653.737060546875,2653.737060546875,,3343.251596570015,5.695204726725826
180,122,-22.7895432317124,-43.755458308348146,4432.10205078125,4432.10205078125,,3343.251596570015,9.511766981065882
180,123,-22.7895432317124,-43.75491607582789,2784.989013671875,2784.989013671875,,3343.251596570015,5.976885513772396
180,124,-22.7895432317124,-43.75437384330763,2663.470947265625,2663.470947265625,,3343.251596570015,5.716094692982924
180,125,-22.7895432317124,-43.75383161078738,933.6896362304688,933.6896362304688,,3343.251596570015,2.0037982317882146
180,126,-22.7895432317124,-43.75328937826712,1918.794189453125,1918.794189453125,,3343.251596570015,4.1179383970827494
180,127,-22.7895432317124,-43.752747145746866,2340.120361328125,2340.120361328125,,3343.251596570015,5.0221496097268945
180,128,-22.7895432317124,-43.752204913226606,607.1943969726562,607.1943969726562,,3343.251596570015,1.3031043847906596
180,129,-22.7895432317124,-43.75166268070635,1102.5101318359375,1102.5101318359375,,3343.251596570015,2.3661051456247817
180,130,-22.7895432317124,-43.75112044818609,1456.7154541015625,1456.7154541015625,,3343.251596570015,3.1262678066470153
180,131,-22.7895432317124,-43.75057821566584,2092.118408203125,2092.118408203125,,3343.251596570015,4.489910784459229
180,133,-22.7895432317124,-43.74949375062533,1232.28759765625,1232.28759765625,,3343.251596570015,2.644621524564762
180,134,-22.7895432317124,-43.74895151810507,696.0172119140625,696.0172119140625,,3343.251596570015,1.4937276846706948
180,136,-22.7895432317124,-43.74786705306456,1011.4864501953125,1011.4864501953125,,3343.251596570015,2.1707585494488804
180,137,-22.7895432317124,-43.7473248205443,1088.23095703125,1088.23095703125,,3343.251596570015,2.3354605029996978
180,139,-22.7895432317124,-43.74624035550379,820.5419311523438,820.5419311523438,,3343.251596570015,1.7609711053334476
180,142,-22.7895432317124,-43.74461365794302,1472.58740234375,1472.58740234375,,3343.251596570015,3.160330712122897
180,145,-22.7895432317124,-43.74298696038225,605.6953125,605.6953125,,3343.251596570015,1.2998871885200263
180,146,-22.7895432317124,-43.742444727861994,937.6621704101562,937.6621704101562,,3343.251596570015,2.012323716763193
181,117,-22.790085464232657,-43.758169470949426,9469.91796875,9469.91796875,,3343.2386058568954,20.323382001101788
181,118,-22.790085464232657,-43.75762723842917,10552.2490234375,10552.2490234375,,3343.2386058568954,22.646171654471182
181,119,-22.790085464232657,-43.75708500590891,11075.9208984375,11075.9208984375,,3343.2386058568954,23.770023370397194
181,120,-22.790085464232657,-43.75654277338866,3892.27880859375,3892.27880859375,,3343.2386058568954,8.35321587186733
181,121,-22.790085464232657,-43.756000540868406,2653.737060546875,2653.737060546875,,3343.2386058568954,5.695182597140712
181,122,-22.790085464232657,-43.755458308348146,3470.617431640625,3470.617431640625,,3343.2386058568954,7.448288789372222
181,123,-22.790085464232657,-43.75491607582789,2784.989013671875,2784.989013671875,,3343.2386058568954,5.976862289673695
181,124,-22.790085464232657,-43.75437384330763,2663.470947265625,2663.470947265625,,3343.2386058568954,5.716072482226667
181,125,-22.790085464232657,-43.75383161078738,1135.1497802734375,1135.1497802734375,,3343.2386058568954,2.4361438704214042
181,126,-22.790085464232657,-43.75328937826712,1918.794189453125,1918.794189453125,,3343.2386058568954,4.117922396206113
181,127,-22.790085464232657,-43.752747145746866,625.7067260742188,625.7067260742188,,3343.2386058568954,1.3428286133658704
181,128,-22.790085464232657,-43.752204913226606,666.1140747070312,666.1140747070312,,3343.2386058568954,1.429546786070881
181,129,-22.790085464232657,-43.75166268070635,1102.5101318359375,1102.5101318359375,,3343.2386058568954,2.3660959517629774
181,130,-22.790085464232657,-43.75112044818609,1274.293212890625,1274.293212890625,,3343.2386058568954,2.7347594596329907
181,131,-22.790085464232657,-43.75057821566584,741.2659301757812,741.2659301757812,,3343.2386058568954,1.5908301120535455
181,133,-22.790085464232657,-43.74949375062533,1256.7095947265625,1256.7095947265625,,3343.2386058568954,2.6970232733123685
181,137,-22.790085464232657,-43.7473248205443,1088.23095703125,1088.23095703125,,3343.2386058568954,2.3354514282123175
181,140,-22.790085464232657,-43.74569812298353,636.2704467773438,636.2704467773438,,3343.2386058568954,1.3654994043812752
181,146,-22.790085464232657,-43.742444727861994,937.6621704101562,937.6621704101562,,3343.2386058568954,2.012315897572997
182,108,-22.790627696752914,-43.76304956363174,546.3775024414062,546.3775024414062,,3343.2256150841713,1.1725756852373799
182,112,-22.790627696752914,-43.76088063355071,726.6961059570312,726.6961059570312,,3343.2256150841713,1.5595557661038246
182,115,-22.790627696752914,-43.75925393598994,4003.565673828125,4003.565673828125,,3343.2256150841713,8.592015122155043
182,116,-22.790627696752914,-43.758711703469686,3475.390625,3475.390625,,3343.2256150841713,7.458503553619437
182,117,-22.790627696752914,-43.758169470949426,3475.390625,3475.390625,,3343.2256150841713,7.458503553619437
182,118,-22.790627696752914,-43.75762723842917,10604.384765625,10604.384765625,,3343.2256150841713,22.75797169084033
182,119,-22.790627696752914,-43.75708500590891,4155.35791015625,4155.35791015625,,3343.2256150841713,8.917775031248762
182,120,-22.790627696752914,-43.75654277338866,4155.35791015625,4155.35791015625,,3343.2256150841713,8.917775031248762
182,121,-22.790627696752914,-43.756000540868406,2739.2119140625,2739.2119140625,,3343.2256150841713,5.878597257006716
182,122,-22.790627696752914,-43.755458308348146,2900.404052734375,2900.404052734375,,3343.2256150841713,6.224530209248509
182,123,-22.790627696752914,-43.75491607582789,2900.404052734375,2900.404052734375,,3343.2256150841713,6.224530209248509
182,124,-22.790627696752914,-43.75437384330763,1128.4364013671875,1128.4364013671875,,3343.2256150841713,2.421726884191816
182,125,-22.790627696752914,-43.75383161078738,1135.1497802734375,1135.1497802734375,,3343.2256150841713,2.436134404333256
182,126,-22.790627696752914,-43.75328937826712,541.1426391601562,541.1426391601562,,3343.2256150841713,1.161341193751717
182,127,-22.790627696752914,-43.752747145746866,2089.25390625,2089.25390625,,3343.2256150841713,4.4837284108686095
182,128,-22.790627696752914,-43.752204913226606,666.1140747070312,666.1140747070312,,3343.2256150841713,1.4295412313021116
182,130,-22.790627696752914,-43.75112044818609,1293.151123046875,1293.151123046875,,3343.2256150841713,2.7752196191218315
182,131,-22.790627696752914,-43.75057821566584,1293.151123046875,1293.151123046875,,3343.2256150841713,2.7752196191218315
182,133,-22.790627696752914,-43.74949375062533,771.1010131835938,771.1010131835938,,3343.2256150841713,1.6548527252326874
182,134,-22.790627696752914,-43.74895151810507,771.1010131835938,771.1010131835938,,3343.2256150841713,1.6548527252326874
182,135,-22.790627696752914,-43.74840928558481,895.886474609375,895.886474609375,,3343.2256150841713,1.9226536454484489
182,140,-22.790627696752914,-43.74569812298353,1574.5106201171875,1574.5106201171875,,3343.2256150841713,3.379042623548421
182,143,-22.790627696752914,-43.74407142542276,1106.7479248046875,1106.7479248046875,,3343.2256150841713,2.3751814460041305
183,110,-22.79116992927317,-43.761965098591226,580.9845581054688,580.9845581054688,,3343.2126238644123,1.2468407210596126
183,111,-22.79116992927317,-43.761422866070966,688.515625,688.515625,,3343.2126238644123,1.4776112486280024
183,114,-22.79116992927317,-43.7597961685102,3552.33203125,3552.33203125,,3343.2126238644123,7.623597167074546
183,115,-22.79116992927317,-43.75925393598994,5199.06494140625,5199.06494140625,,3343.2126238644123,11.157621644053991
183,116,-22.79116992927317,-43.758711703469686,5199.06494140625,5199.06494140625,,3343.2126238644123,11.157621644053991
183,117,-22.79116992927317,-43.758169470949426,6122.04345703125,6122.04345703125,,3343.2126238644123,13.138409570151493
183,118,-22.79116992927317,-43.75762723842917,8599.03515625,8599.03515625,,3343.2126238644123,18.454237802116186
183,119,-22.79116992927317,-43.75708500590891,4214.591796875,4214.591796875,,3343.2126238644123,9.044861178622932
183,120,-22.79116992927317,-43.75654277338866,5619.31005859375,5619.31005859375,,3343.2126238644123,12.059502283781292
183,121,-22.79116992927317,-43.756000540868406,916.9952392578125,916.9952392578125,,3343.2126238644123,1.9679473221332777
183,122,-22.79116992927317,-43.755458308348146,2119.03857421875,2119.03857421875,,3343.2126238644123,4.547631338856354
183,123,-22.79116992927317,-43.75491607582789,1588.1239013671875,1588.1239013671875,,3343.2126238644123,3.4082447161241176
183,125,-22.79116992927317,-43.75383161078738,1419.7674560546875,1419.7674560546875,,3343.2126238644123,3.0469379159004117
183,126,-22.79116992927317,-43.75328937826712,1343.8502197265625,1343.8502197265625,,3343.2126238644123,2.8840132729583026
183,127,-22.79116992927317,-43.752747145746866,1343.8502197265625,1343.8502197265625,,3343.2126238644123,2.8840132729583026
183,129,-22.79116992927317,-43.75166268070635,1643.734619140625,1643.734619140625,,3343.2126238644123,3.5275898974717577
183,130,-22.79116992927317,-43.75112044818609,1643.734619140625,1643.734619140625,,3343.2126238644123,3.5275898974717577
183,131,-22.79116992927317,-43.75057821566584,610.8572998046875,610.8572998046875,,3343.2126238644123,1.3109500855524292
184,110,-22.791712161793427,-43.761965098591226,622.10107421875,622.10107421875,,3343.1996323764324,1.335074963638563
184,111,-22.791712161793427,-43.761422866070966,639.4275512695312,639.4275512695312,,3343.1996323764324,1.3722588661862416
184,112,-22.791712161793427,-43.76088063355071,917.4796752929688,917.4796752929688,,3343.1996323764324,1.9689793104265987
184,113,-22.791712161793427,-43.76033840103045,2177.933837890625,2177.933837890625,,3343.1996323764324,4.674007263338342
184,114,-22.791712161793427,-43.7597961685102,4906.9287109375,4906.9287109375,,3343.1996323764324,10.530632306910833
184,115,-22.791712161793427,-43.75925393598994,2829.359130859375,2829.359130859375,,3343.1996323764324,6.07201417148536
184,116,-22.791712161793427,-43.758711703469686,3033.43212890625,3033.43212890625,,3343.1996323764324,6.509969934203174
184,117,-22.791712161793427,-43.758169470949426,4890.9541015625,4890.9541015625,,3343.1996323764324,10.496349612483323
184,118,-22.791712161793427,-43.75762723842917,8599.03515625,8599.03515625,,3343.1996323764324,18.45416609025231
184,119,-22.791712161793427,-43.75708500590891,5598.01904296875,5598.01904296875,,3343.1996323764324,12.01376332555805
184,121,-22.791712161793427,-43.756000540868406,916.9952392578125,916.9952392578125,,3343.1996323764324,1.9679396748290656
184,127,-22.791712161793427,-43.752747145746866,919.8443603515625,919.8443603515625,,3343.1996323764324,1.9740540996360265
184,128,-22.791712161793427,-43.752204913226606,1222.3343505859375,1222.3343505859375,,3343.1996323764324,2.623220014066167
184,130,-22.791712161793427,-43.75112044818609,1094.0767822265625,1094.0767822265625,,3343.1996323764324,2.3479697765885956
184,136,-22.791712161793427,-43.74786705306456,839.6200561523438,839.6200561523438,,3343.1996323764324,1.8018868032747293
184,137,-22.791712161793427,-43.7473248205443,839.6200561523438,839.6200561523438,,3343.1996323764324,1.8018868032747293
185,111,-22.792254394313684,-43.761422866070966,639.4275512695312,639.4275512695312,,3343.1866406202316,1.3722535335544532
185,112,-22.792254394313684,-43.76088063355071,850.2103271484375,850.2103271484375,,3343.1866406202316,1.8246072184057993
185,113,-22.792254394313684,-43.76033840103045,3539.056396484375,3539.056396484375,,3343.1866406202316,7.595047532565689
185,114,-22.792254394313684,-43.7597961685102,4906.9287109375,4906.9287109375,,3343.1866406202316,10.530591384614048
185,115,-22.792254394313684,-43.75925393598994,5451.18701171875,5451.18701171875,,3343.1866406202316,11.698605454277738
185,116,-22.792254394313684,-43.758711703469686,5213.14697265625,5213.14697265625,,3343.1866406202316,11.187755891911499
185,117,-22.792254394313684,-43.758169470949426,4890.9541015625,4890.9541015625,,3343.1866406202316,10.496308823409931
185,118,-22.792254394313684,-43.75762723842917,5788.5234375,5788.5234375,,3343.1866406202316,12.42255158602617
185,126,-22.792254394313684,-43.75328937826712,1183.162109375,1183.162109375,,3343.1866406202316,2.539143617027546
185,127,-22.792254394313684,-43.752747145746866,800.1846313476562,800.1846313476562,,3343.1866406202316,1.7172487886746324
185,128,-22.792254394313684,-43.752204913226606,1222.3343505859375,1222.3343505859375,,3343.1866406202316,2.6232098201685146
185,129,-22.792254394313684,-43.75166268070635,590.7683715820312,590.7683715820312,,3343.1866406202316,1.2678277371785212
185,130,-22.792254394313684,-43.75112044818609,709.3165893554688,709.3165893554688,,3343.1866406202316,1.5222400007933719
185,137,-22.792254394313684,-43.7473248205443,1090.531005859375,1090.531005859375,,3343.1866406202316,2.3403511832889756
185,138,-22.792254394313684,-43.74678258802405,2111.530517578125,2111.530517578125,,3343.1866406202316,4.531483212135271
185,140,-22.792254394313684,-43.74569812298353,621.262451171875,621.262451171875,,3343.1866406202316,1.3332700353506486
185,141,-22.792254394313684,-43.74515589046327,843.77197265625,843.77197265625,,3343.1866406202316,1.8107900866844038
186,112,-22.79279662683394,-43.76088063355071,634.5179443359375,634.5179443359375,,3343.1736485660076,1.3617119027195237
186,113,-22.79279662683394,-43.76033840103045,634.5179443359375,634.5179443359375,,3343.1736485660076,1.3617119027195237
186,114,-22.79279662683394,-43.7597961685102,1817.1375732421875,1817.1375732421875,,3343.1736485660076,3.8996814581065773
186,115,-22.79279662683394,-43.75925393598994,6083.98876953125,6083.98876953125,,3343.1736485660076,13.056588859993553
186,116,-22.79279662683394,-43.758711703469686,5213.14697265625,5213.14697265625,,3343.1736485660076,11.187712414849996
186,117,-22.79279662683394,-43.758169470949426,5111.82568359375,5111.82568359375,,3343.1736485660076,10.970271117016114
186,118,-22.79279662683394,-43.75762723842917,7566.57275390625,7566.57275390625,,3343.1736485660076,16.238299127333
186,119,-22.79279662683394,-43.75708500590891,7566.57275390625,7566.57275390625,,3343.1736485660076,16.238299127333
186,120,-22.79279662683394,-43.75654277338866,6784.5966796875,6784.5966796875,,3343.1736485660076,14.56013362009906
186,127,-22.79279662683394,-43.752747145746866,800.1846313476562,800.1846313476562,,3343.1736485660076,1.7172421152244852
186,130,-22.79279662683394,-43.75112044818609,709.3165893554688,709.3165893554688,,3343.1736485660076,1.5222340851725114
186,135,-22.79279662683394,-43.74840928558481,896.6439208984375,896.6439208984375,,3343.1736485660076,1.9242492832355231
186,136,-22.79279662683394,-43.74786705306456,896.6439208984375,896.6439208984375,,3343.1736485660076,1.9242492832355231
186,137,-22.79279662683394,-43.7473248205443,885.222900390625,885.222900390625,,3343.1736485660076,1.8997391181479648
186,138,-22.79279662683394,-43.74678258802405,2111.530517578125,2111.530517578125,,3343.1736485660076,4.531465602207398
186,139,-22.79279662683394,-43.74624035550379,1157.48779296875,1157.48779296875,,3343.1736485660076,2.4840351939733605
186,141,-22.79279662683394,-43.74515589046327,843.77197265625,843.77197265625,,3343.1736485660076,1.8107830497207151
187,112,-22.793338859354197,-43.76088063355071,1315.686767578125,1315.686767578125,,3343.160656183958,2.8235282943787348
187,113,-22.793338859354197,-43.76033840103045,2338.495361328125,2338.495361328125,,3343.160656183958,5.018525671682194
187,116,-22.793338859354197,-43.758711703469686,3112.902587890625,3112.902587890625,,3343.160656183958,6.680441539085447
187,117,-22.793338859354197,-43.758169470949426,4092.966552734375,4092.966552734375,,3343.160656183958,8.783706847538141
187,118,-22.793338859354197,-43.75762723842917,4092.966552734375,4092.966552734375,,3343.160656183958,8.783706847538141
187,119,-22.793338859354197,-43.75708500590891,2742.35595703125,2742.35595703125,,3343.160656183958,5.885230306138216
187,125,-22.793338859354197,-43.75383161078738,677.5427856445312,677.5427856445312,,3343.160656183958,1.4540400291788471
187,126,-22.793338859354197,-43.75328937826712,677.5427856445312,677.5427856445312,,3343.160656183958,1.4540400291788471
187,128,-22.793338859354197,-43.752204913226606,2325.9267578125,2325.9267578125,,3343.160656183958,4.991552832461108
187,129,-22.793338859354197,-43.75166268070635,2325.9267578125,2325.9267578125,,3343.160656183958,4.991552832461108
187,132,-22.793338859354197,-43.75003598314558,1517.9088134765625,1517.9088134765625,,3343.160656183958,3.257506717215984
187,135,-22.793338859354197,-43.74840928558481,685.0667114257812,685.0667114257812,,3343.160656183958,1.4701867427064674
187,137,-22.793338859354197,-43.7473248205443,885.222900390625,885.222900390625,,3343.160656183958,1.8997317353018992
187,138,-22.793338859354197,-43.74678258802405,889.5381469726562,889.5381469726562,,3343.160656183958,1.908992465987832
187,139,-22.793338859354197,-43.74624035550379,1072.6029052734375,1072.6029052734375,,3343.160656183958,2.3018584106057385
187,140,-22.793338859354197,-43.74569812298353,1072.6029052734375,1072.6029052734375,,3343.160656183958,2.3018584106057385
188,115,-22.793881091874454,-43.75925393598994,1158.9315185546875,1158.9315185546875,,3343.1476635038853,2.4871141804614023
188,116,-22.793881091874454,-43.758711703469686,1028.833740234375,1028.833740234375,,3343.1476635038853,2.2079190562227438
188,117,-22.793881091874454,-43.758169470949426,1638.704345703125,1638.704345703125,,3343.1476635038853,3.5167261831525076
188,118,-22.793881091874454,-43.75762723842917,2725.744140625,2725.744140625,,3343.1476635038853,5.8495578003715485
188,128,-22.793881091874454,-43.752204913226606,1939.001708984375,1939.001708984375,,3343.1476635038853,4.161176539894378
188,130,-22.793881091874454,-43.75112044818609,1248.69580078125,1248.69580078125,,3343.1476635038853,2.679751981444712
188,137,-22.793881091874454,-43.7473248205443,1310.619140625,1310.619140625,,3343.1476635038853,2.812641987593642
189,111,-22.79442332439471,-43.761422866070966,565.0909423828125,565.0909423828125,,3343.134670585394,1.212703435344632
189,116,-22.79442332439471,-43.758711703469686,1028.833740234375,1028.833740234375,,3343.134670585394,2.2079104752938643
189,130,-22.79442332439471,-43.75112044818609,1248.69580078125,1248.69580078125,,3343.134670585394,2.6797415667689104
189,135,-22.79442332439471,-43.74840928558481,1245.477783203125,1245.477783203125,,3343.134670585394,2.6728355969872397
189,137,-22.79442332439471,-43.7473248205443,561.8101196289062,561.8101196289062,,3343.134670585394,1.2056626836248432
190,117,-22.794965556914963,-43.758169470949426,1984.5546875,1984.5546875,,3343.1216773092747,4.258901980154007
190,118,-22.794965556914963,-43.75762723842917,1984.5546875,1984.5546875,,3343.1216773092747,4.258901980154007
190,128,-22.794965556914963,-43.752204913226606,775.6566162109375,775.6566162109375,,3343.1216773092747,1.6645777108121733
191,117,-22.79550778943522,-43.758169470949426,799.7308959960938,799.7308959960938,,3343.108683794737,1.716235022494596
192,117,-22.796050021955477,-43.758169470949426,1032.9599609375,1032.9599609375,,3343.095689892769,2.216739631035134
192,118,-22.796050021955477,-43.75762723842917,945.914306640625,945.914306640625,,3343.095689892769,2.029939020279475
192,120,-22.796050021955477,-43.75654277338866,2158.76171875,2158.76171875,,3343.095689892769,4.632718437190415
192,121,-22.796050021955477,-43.756000540868406,2158.76171875,2158.76171875,,3343.095689892769,4.632718437190415
192,129,-22.796050021955477,-43.75166268070635,907.2865600585938,907.2865600585938,,3343.095689892769,1.947043593598797
193,117,-22.796592254475733,-43.758169470949426,1032.9599609375,1032.9599609375,,3343.08269572258,2.2167310148617716
193,120,-22.796592254475733,-43.75654277338866,1086.7783203125,1086.7783203125,,3343.08269572258,2.332225158785089
193,121,-22.796592254475733,-43.756000540868406,909.7435302734375,909.7435302734375,,3343.08269572258,1.9523086812548658
193,125,-22.796592254475733,-43.75383161078738,1586.8922119140625,1586.8922119140625,,3343.08269572258,3.4054690563222554
193,129,-22.796592254475733,-43.75166268070635,907.2865600585938,907.2865600585938,,3343.08269572258,1.9470360256982142
194,124,-22.79713448699599,-43.75437384330763,525.7494506835938,525.7494506835938,,3343.069701343775,1.1282533955120446
